Driver,DriverNumber,Team,LapNumber,LapTime,Stint,PitOutTime,PitInTime,Sector1Time,Sector2Time,Sector3Time,SpeedI1,SpeedI2,SpeedFL,SpeedST,Compound,TyreLife,FreshTyre,IsAccurate,TrackStatus,Deleted,DeletedReason,LapTimeSeconds,Sector1TimeSeconds,Sector2TimeSeconds,Sector3TimeSeconds
RUS,63,Mercedes,1,,1.0,0 days 00:13:30.333000,,,0 days 00:00:43.698000,0 days 00:00:31.100000,286.0,237.0,236.0,256.0,INTERMEDIATE,1.0,True,False,1,,,,,43.698,31.1
RUS,63,Mercedes,2,0 days 00:01:37.800000,1.0,,,0 days 00:00:30.831000,0 days 00:00:39.784000,0 days 00:00:27.185000,291.0,246.0,232.0,298.0,INTERMEDIATE,2.0,True,True,1,,,97.8,30.831,39.784,27.185
RUS,63,Mercedes,3,0 days 00:02:07.395000,1.0,,,0 days 00:00:42.237000,0 days 00:00:53.886000,0 days 00:00:31.272000,215.0,179.0,236.0,278.0,INTERMEDIATE,3.0,True,True,1,,,127.395,42.237,53.886,31.272
RUS,63,Mercedes,4,0 days 00:01:37.215000,1.0,,,0 days 00:00:30.704000,0 days 00:00:39.456000,0 days 00:00:27.055000,293.0,247.0,230.0,299.0,INTERMEDIATE,4.0,True,True,1,,,97.215,30.704,39.456,27.055
RUS,63,Mercedes,5,0 days 00:01:47.968000,1.0,,0 days 00:22:24.033000,0 days 00:00:35.889000,0 days 00:00:44.201000,0 days 00:00:27.878000,267.0,230.0,,283.0,INTERMEDIATE,5.0,True,False,1,,,107.968,35.889,44.201,27.878
RUS,63,Mercedes,6,,2.0,0 days 00:23:04.104000,0 days 00:25:04.455000,,,,,,,,SOFT,1.0,True,False,125,,,,,,
RUS,63,Mercedes,7,,3.0,0 days 00:33:04.674000,,,0 days 00:00:42.067000,0 days 00:00:28.051000,283.0,230.0,241.0,272.0,SOFT,1.0,True,False,1,,,,,42.067,28.051
RUS,63,Mercedes,8,0 days 00:01:36.993000,3.0,,,0 days 00:00:29.055000,0 days 00:00:42.133000,0 days 00:00:25.805000,,254.0,248.0,294.0,SOFT,2.0,True,True,1,,,96.993,29.055,42.133,25.805
RUS,63,Mercedes,9,0 days 00:01:32.640000,3.0,,,0 days 00:00:29.677000,0 days 00:00:37.805000,0 days 00:00:25.158000,288.0,257.0,249.0,297.0,SOFT,3.0,True,True,1,,,92.64,29.677,37.805,25.158
RUS,63,Mercedes,10,0 days 00:01:30.106000,3.0,,,0 days 00:00:28.970000,0 days 00:00:36.277000,0 days 00:00:24.859000,291.0,262.0,251.0,300.0,SOFT,4.0,True,True,1,,,90.106,28.97,36.277,24.859
RUS,63,Mercedes,11,0 days 00:01:42.832000,3.0,,0 days 00:41:09.032000,0 days 00:00:34.563000,0 days 00:00:41.238000,0 days 00:00:27.031000,267.0,251.0,,283.0,SOFT,5.0,True,False,1,,,102.832,34.563,41.238,27.031
RUS,63,Mercedes,12,,4.0,0 days 00:48:33.777000,,,0 days 00:00:44.146000,0 days 00:00:33.037000,293.0,247.0,248.0,192.0,SOFT,6.0,False,False,1,,,,,44.146,33.037
RUS,63,Mercedes,13,0 days 00:01:29.771000,4.0,,,0 days 00:00:28.526000,0 days 00:00:36.502000,0 days 00:00:24.743000,307.0,262.0,250.0,310.0,SOFT,7.0,False,True,1,,,89.771,28.526,36.502,24.743
RUS,63,Mercedes,14,0 days 00:01:28.105000,4.0,,,0 days 00:00:28.401000,0 days 00:00:35.690000,0 days 00:00:24.014000,312.0,264.0,251.0,320.0,SOFT,8.0,False,True,1,,,88.105,28.401,35.69,24.014
RUS,63,Mercedes,15,0 days 00:01:35.383000,4.0,,0 days 00:54:55.482000,0 days 00:00:29.921000,0 days 00:00:39.910000,0 days 00:00:25.552000,284.0,252.0,,306.0,SOFT,9.0,False,False,1,,,95.383,29.921,39.91,25.552
RUS,63,Mercedes,16,,5.0,0 days 00:56:17.073000,,,0 days 00:00:42.605000,0 days 00:00:28.337000,296.0,227.0,253.0,300.0,SOFT,1.0,True,False,1,,,,,42.605,28.337
RUS,63,Mercedes,17,0 days 00:01:26.766000,5.0,,,0 days 00:00:28.063000,0 days 00:00:35.087000,0 days 00:00:23.616000,312.0,267.0,252.0,321.0,SOFT,2.0,True,True,1,,,86.766,28.063,35.087,23.616
RUS,63,Mercedes,18,0 days 00:02:06.611000,5.0,,,0 days 00:00:42.161000,0 days 00:00:49.677000,0 days 00:00:34.773000,240.0,230.0,253.0,303.0,SOFT,3.0,True,True,1,,,126.611,42.161,49.677,34.773
RUS,63,Mercedes,19,0 days 00:01:26.723000,5.0,,,0 days 00:00:28.267000,0 days 00:00:35.016000,0 days 00:00:23.440000,312.0,266.0,253.0,321.0,SOFT,4.0,True,True,1,,,86.723,28.267,35.016,23.44
RUS,63,Mercedes,20,0 days 00:01:46.966000,5.0,,0 days 01:04:37.748000,0 days 00:00:33.082000,0 days 00:00:44.725000,0 days 00:00:29.159000,276.0,246.0,,270.0,SOFT,5.0,True,False,1,,,106.966,33.082,44.725,29.159
RUS,63,Mercedes,21,,6.0,0 days 01:12:11.157000,,,0 days 00:00:46.123000,0 days 00:00:27.961000,288.0,239.0,255.0,288.0,SOFT,1.0,True,False,1,,,,,46.123,27.961
RUS,63,Mercedes,22,0 days 00:01:26.024000,6.0,,,0 days 00:00:27.994000,0 days 00:00:34.640000,0 days 00:00:23.390000,313.0,269.0,252.0,321.0,SOFT,2.0,True,True,1,,,86.024,27.994,34.64,23.39
RUS,63,Mercedes,23,0 days 00:01:47.744000,6.0,,0 days 01:17:06.992000,0 days 00:00:35.608000,0 days 00:00:45.112000,0 days 00:00:27.024000,278.0,243.0,,303.0,SOFT,3.0,True,False,1,,,107.744,35.608,45.112,27.024
RUS,63,Mercedes,24,,7.0,0 days 01:19:42.872000,,,0 days 00:00:43.834000,0 days 00:00:26.566000,294.0,240.0,256.0,303.0,SOFT,1.0,True,False,1,,,,,43.834,26.566
RUS,63,Mercedes,25,0 days 00:01:25.819000,7.0,,,0 days 00:00:28.016000,0 days 00:00:34.508000,0 days 00:00:23.295000,314.0,269.0,252.0,323.0,SOFT,2.0,True,True,1,,,85.819,28.016,34.508,23.295
RUS,63,Mercedes,26,,7.0,,0 days 01:24:55.397000,0 days 00:00:40.333000,0 days 00:00:46.264000,,219.0,214.0,,219.0,SOFT,3.0,True,False,1,,,,40.333,46.264,
HAM,44,Mercedes,1,,1.0,0 days 00:13:27.607000,,,0 days 00:00:44.887000,0 days 00:00:29.152000,278.0,232.0,230.0,281.0,INTERMEDIATE,1.0,True,False,1,,,,,44.887,29.152
HAM,44,Mercedes,2,0 days 00:01:37.759000,1.0,,,0 days 00:00:31.107000,0 days 00:00:39.548000,0 days 00:00:27.104000,291.0,238.0,231.0,298.0,INTERMEDIATE,2.0,True,True,1,,,97.759,31.107,39.548,27.104
HAM,44,Mercedes,3,0 days 00:02:02.763000,1.0,,,0 days 00:00:40.701000,0 days 00:00:51.275000,0 days 00:00:30.787000,200.0,226.0,232.0,257.0,INTERMEDIATE,3.0,True,True,1,,,122.763,40.701,51.275,30.787
HAM,44,Mercedes,4,0 days 00:01:37.134000,1.0,,,0 days 00:00:30.696000,0 days 00:00:39.352000,0 days 00:00:27.086000,292.0,246.0,234.0,298.0,INTERMEDIATE,4.0,True,True,1,,,97.134,30.696,39.352,27.086
HAM,44,Mercedes,5,0 days 00:01:46.464000,1.0,,0 days 00:22:12.579000,0 days 00:00:33.450000,0 days 00:00:43.515000,0 days 00:00:29.499000,262.0,234.0,,275.0,INTERMEDIATE,5.0,True,False,1,,,106.464,33.45,43.515,29.499
HAM,44,Mercedes,6,,2.0,0 days 00:22:52.793000,0 days 00:24:51.705000,,,,,,,,SOFT,1.0,True,False,125,,,,,,
HAM,44,Mercedes,7,,3.0,0 days 00:32:54.328000,,,0 days 00:00:40.935000,0 days 00:00:27.964000,283.0,244.0,235.0,286.0,SOFT,1.0,True,False,1,,,,,40.935,27.964
HAM,44,Mercedes,8,0 days 00:01:32.198000,3.0,,,0 days 00:00:29.571000,0 days 00:00:37.473000,0 days 00:00:25.154000,,259.0,246.0,290.0,SOFT,2.0,True,True,1,,,92.198,29.571,37.473,25.154
HAM,44,Mercedes,9,0 days 00:01:42.439000,3.0,,,0 days 00:00:31.081000,0 days 00:00:42.332000,0 days 00:00:29.026000,282.0,241.0,243.0,285.0,SOFT,3.0,True,True,1,,,102.439,31.081,42.332,29.026
HAM,44,Mercedes,10,0 days 00:01:29.547000,3.0,,,0 days 00:00:28.925000,0 days 00:00:35.670000,0 days 00:00:24.952000,292.0,262.0,243.0,300.0,SOFT,4.0,True,True,1,,,89.547,28.925,35.67,24.952
HAM,44,Mercedes,11,0 days 00:01:42.819000,3.0,,0 days 00:40:59.663000,0 days 00:00:32.216000,0 days 00:00:41.326000,0 days 00:00:29.277000,266.0,243.0,,280.0,SOFT,5.0,True,False,1,,,102.819,32.216,41.326,29.277
HAM,44,Mercedes,12,,4.0,0 days 00:48:24.766000,,,0 days 00:00:39.638000,0 days 00:00:26.365000,147.0,245.0,250.0,301.0,SOFT,6.0,False,False,1,,,,,39.638,26.365
HAM,44,Mercedes,13,0 days 00:01:28.285000,4.0,,,0 days 00:00:28.412000,0 days 00:00:35.730000,0 days 00:00:24.143000,304.0,265.0,251.0,309.0,SOFT,7.0,False,True,1,,,88.285,28.412,35.73,24.143
HAM,44,Mercedes,14,0 days 00:01:27.549000,4.0,,,0 days 00:00:28.504000,0 days 00:00:35.321000,0 days 00:00:23.724000,293.0,262.0,251.0,319.0,SOFT,8.0,False,True,1,,,87.549,28.504,35.321,23.724
HAM,44,Mercedes,15,0 days 00:01:36.690000,4.0,,0 days 00:54:40.314000,0 days 00:00:31.354000,0 days 00:00:39.502000,0 days 00:00:25.834000,270.0,246.0,,303.0,SOFT,9.0,False,False,1,,,96.69,31.354,39.502,25.834
HAM,44,Mercedes,16,,5.0,0 days 00:56:22.349000,,,0 days 00:00:39.147000,0 days 00:00:32.406000,305.0,247.0,253.0,156.0,SOFT,1.0,True,False,1,,,,,39.147,32.406
HAM,44,Mercedes,17,0 days 00:01:26.770000,5.0,,,0 days 00:00:28.224000,0 days 00:00:34.921000,0 days 00:00:23.625000,311.0,266.0,250.0,320.0,SOFT,2.0,True,True,1,,,86.77,28.224,34.921,23.625
HAM,44,Mercedes,18,0 days 00:02:07.294000,5.0,,,0 days 00:00:35.282000,0 days 00:00:53.260000,0 days 00:00:38.752000,216.0,233.0,248.0,282.0,SOFT,3.0,True,True,1,,,127.294,35.282,53.26,38.752
HAM,44,Mercedes,19,0 days 00:01:35.876000,5.0,,0 days 01:03:11.804000,0 days 00:00:28.374000,0 days 00:00:39.110000,0 days 00:00:28.392000,316.0,217.0,,256.0,SOFT,4.0,True,False,1,,,95.876,28.374,39.11,28.392
HAM,44,Mercedes,20,,6.0,0 days 01:11:56.239000,,,0 days 00:00:42.938000,0 days 00:00:28.231000,277.0,243.0,254.0,302.0,SOFT,1.0,True,False,1,,,,,42.938,28.231
HAM,44,Mercedes,21,0 days 00:01:26.196000,6.0,,,0 days 00:00:27.918000,0 days 00:00:34.844000,0 days 00:00:23.434000,312.0,266.0,251.0,320.0,SOFT,2.0,True,True,1,,,86.196,27.918,34.844,23.434
HAM,44,Mercedes,22,0 days 00:01:36.020000,6.0,,0 days 01:16:47.625000,0 days 00:00:31.508000,0 days 00:00:38.992000,0 days 00:00:25.520000,268.0,253.0,,305.0,SOFT,3.0,True,False,1,,,96.02,31.508,38.992,25.52
HAM,44,Mercedes,23,,7.0,0 days 01:19:30.098000,,,0 days 00:00:43.203000,0 days 00:00:26.227000,258.0,246.0,255.0,304.0,SOFT,1.0,True,False,1,,,,,43.203,26.227
HAM,44,Mercedes,24,0 days 00:01:25.990000,7.0,,,0 days 00:00:27.990000,0 days 00:00:34.618000,0 days 00:00:23.382000,312.0,269.0,249.0,322.0,SOFT,2.0,True,True,1,,,85.99,27.99,34.618,23.382
HAM,44,Mercedes,25,,7.0,,0 days 01:24:38.231000,0 days 00:00:36.618000,0 days 00:00:47.403000,,210.0,214.0,,240.0,SOFT,3.0,True,False,1,,,,36.618,47.403,
NOR,4,McLaren,1,,1.0,0 days 00:14:34.536000,,,0 days 00:00:46.187000,0 days 00:00:37.196000,273.0,237.0,223.0,283.0,INTERMEDIATE,1.0,True,False,1,,,,,46.187,37.196
NOR,4,McLaren,2,0 days 00:01:37.607000,1.0,,,0 days 00:00:30.973000,0 days 00:00:39.707000,0 days 00:00:26.927000,286.0,245.0,235.0,290.0,INTERMEDIATE,2.0,True,True,1,,,97.607,30.973,39.707,26.927
NOR,4,McLaren,3,0 days 00:02:01.943000,1.0,,,0 days 00:00:42.663000,0 days 00:00:46.823000,0 days 00:00:32.457000,116.0,235.0,234.0,284.0,INTERMEDIATE,3.0,True,True,1,,,121.943,42.663,46.823,32.457
NOR,4,McLaren,4,0 days 00:01:55.370000,1.0,,,0 days 00:00:33.095000,0 days 00:00:52.286000,0 days 00:00:29.989000,242.0,206.0,237.0,281.0,INTERMEDIATE,4.0,True,True,1,,,115.37,33.095,52.286,29.989
NOR,4,McLaren,5,,1.0,,0 days 00:23:53.004000,0 days 00:00:31.157000,,,293.0,,,,INTERMEDIATE,5.0,True,False,125,,,,31.157,,
NOR,4,McLaren,6,,2.0,0 days 00:32:37.903000,,,0 days 00:00:40.631000,0 days 00:00:28.129000,266.0,243.0,214.0,283.0,SOFT,1.0,True,False,1,,,,,40.631,28.129
NOR,4,McLaren,7,0 days 00:01:31.596000,2.0,,,0 days 00:00:29.155000,0 days 00:00:37.040000,0 days 00:00:25.401000,283.0,259.0,244.0,296.0,SOFT,2.0,True,True,1,,,91.596,29.155,37.04,25.401
NOR,4,McLaren,8,0 days 00:01:47.232000,2.0,,,0 days 00:00:29.048000,0 days 00:00:47.043000,0 days 00:00:31.141000,289.0,216.0,218.0,283.0,SOFT,3.0,True,True,1,,,107.232,29.048,47.043,31.141
NOR,4,McLaren,9,0 days 00:01:37.557000,2.0,,0 days 00:39:08.211000,0 days 00:00:30.114000,0 days 00:00:39.653000,0 days 00:00:27.790000,293.0,231.0,,274.0,SOFT,4.0,True,False,1,,,97.557,30.114,39.653,27.79
NOR,4,McLaren,10,,3.0,0 days 00:48:45.073000,,,0 days 00:00:42.709000,0 days 00:00:31.639000,289.0,248.0,252.0,302.0,SOFT,5.0,False,False,1,,,,,42.709,31.639
NOR,4,McLaren,11,0 days 00:01:27.432000,3.0,,,0 days 00:00:28.150000,0 days 00:00:35.364000,0 days 00:00:23.918000,312.0,267.0,252.0,318.0,SOFT,6.0,False,True,1,,,87.432,28.15,35.364,23.918
NOR,4,McLaren,12,0 days 00:01:45.287000,3.0,,0 days 00:53:39.205000,0 days 00:00:32.726000,0 days 00:00:43.200000,0 days 00:00:29.361000,161.0,249.0,,244.0,SOFT,7.0,False,False,1,,,105.287,32.726,43.2,29.361
NOR,4,McLaren,13,,4.0,0 days 00:54:42.510000,,0 days 00:01:33.029000,0 days 00:00:40.932000,0 days 00:00:25.646000,250.0,251.0,254.0,301.0,SOFT,1.0,True,False,1,,,,93.029,40.932,25.646
NOR,4,McLaren,14,0 days 00:01:49.056000,4.0,,,0 days 00:00:29.933000,0 days 00:00:45.696000,0 days 00:00:33.427000,246.0,205.0,253.0,193.0,SOFT,2.0,True,True,1,,,109.056,29.933,45.696,33.427
NOR,4,McLaren,15,0 days 00:01:26.559000,4.0,,,0 days 00:00:28.113000,0 days 00:00:34.813000,0 days 00:00:23.633000,309.0,267.0,252.0,320.0,SOFT,3.0,True,True,1,,,86.559,28.113,34.813,23.633
NOR,4,McLaren,16,0 days 00:02:01.740000,4.0,,,0 days 00:00:34.029000,0 days 00:00:50.473000,0 days 00:00:37.238000,194.0,230.0,204.0,240.0,SOFT,4.0,True,True,1,,,121.74,34.029,50.473,37.238
NOR,4,McLaren,17,0 days 00:01:39.362000,4.0,,0 days 01:03:16.470000,0 days 00:00:30.372000,0 days 00:00:41.295000,0 days 00:00:27.695000,259.0,238.0,,269.0,SOFT,5.0,True,False,1,,,99.362,30.372,41.295,27.695
NOR,4,McLaren,18,,5.0,0 days 01:11:26.109000,,,0 days 00:00:41.628000,0 days 00:00:26.077000,288.0,245.0,256.0,300.0,SOFT,1.0,True,False,1,,,,,41.628,26.077
NOR,4,McLaren,19,0 days 00:01:26.030000,5.0,,,0 days 00:00:28.025000,0 days 00:00:34.567000,0 days 00:00:23.438000,307.0,268.0,254.0,317.0,SOFT,2.0,True,True,1,,,86.03,28.025,34.567,23.438
NOR,4,McLaren,20,0 days 00:01:43.111000,5.0,,0 days 01:16:11.637000,0 days 00:00:30.953000,0 days 00:00:41.205000,0 days 00:00:30.953000,258.0,227.0,,217.0,SOFT,3.0,True,False,1,,,103.111,30.953,41.205,30.953
NOR,4,McLaren,21,,6.0,0 days 01:19:40.945000,,,0 days 00:00:43.235000,0 days 00:00:27.256000,270.0,228.0,257.0,286.0,SOFT,1.0,True,False,1,,,,,43.235,27.256
NOR,4,McLaren,22,,6.0,,0 days 01:22:51.860000,0 days 00:00:28.068000,0 days 00:00:34.714000,,309.0,239.0,,310.0,SOFT,2.0,True,False,1,,,,28.068,34.714,
VER,1,Red Bull Racing,1,,1.0,0 days 00:13:37.696000,,,0 days 00:00:43.008000,0 days 00:00:32.225000,279.0,232.0,210.0,256.0,INTERMEDIATE,1.0,True,False,1,,,,,43.008,32.225
VER,1,Red Bull Racing,2,0 days 00:01:37.518000,1.0,,,0 days 00:00:31.362000,0 days 00:00:39.005000,0 days 00:00:27.151000,289.0,243.0,221.0,296.0,INTERMEDIATE,2.0,True,True,1,,,97.518,31.362,39.005,27.151
VER,1,Red Bull Racing,3,0 days 00:02:07.966000,1.0,,,0 days 00:00:38.475000,0 days 00:00:54.234000,0 days 00:00:35.257000,259.0,215.0,240.0,112.0,INTERMEDIATE,3.0,True,True,1,,,127.966,38.475,54.234,35.257
VER,1,Red Bull Racing,4,0 days 00:01:37.420000,1.0,,,0 days 00:00:30.778000,0 days 00:00:39.251000,0 days 00:00:27.391000,291.0,245.0,222.0,295.0,INTERMEDIATE,4.0,True,True,1,,,97.42,30.778,39.251,27.391
VER,1,Red Bull Racing,5,0 days 00:01:44.223000,1.0,,0 days 00:22:27.490000,0 days 00:00:33.331000,0 days 00:00:42.340000,0 days 00:00:28.552000,265.0,229.0,,275.0,INTERMEDIATE,5.0,True,False,1,,,104.223,33.331,42.34,28.552
VER,1,Red Bull Racing,6,,2.0,0 days 00:33:17.106000,,,0 days 00:00:38.222000,0 days 00:00:26.815000,275.0,239.0,241.0,276.0,SOFT,1.0,True,False,1,,,,,38.222,26.815
VER,1,Red Bull Racing,7,0 days 00:01:49.924000,2.0,,,0 days 00:00:28.859000,0 days 00:00:46.887000,0 days 00:00:34.178000,291.0,227.0,238.0,275.0,SOFT,2.0,True,True,1,,,109.924,28.859,46.887,34.178
VER,1,Red Bull Racing,8,0 days 00:01:31.832000,2.0,,,0 days 00:00:29.197000,0 days 00:00:36.987000,0 days 00:00:25.648000,292.0,256.0,236.0,301.0,SOFT,3.0,True,True,1,,,91.832,29.197,36.987,25.648
VER,1,Red Bull Racing,9,0 days 00:01:31.342000,2.0,,,0 days 00:00:29.053000,0 days 00:00:36.706000,0 days 00:00:25.583000,294.0,259.0,203.0,300.0,SOFT,4.0,True,True,1,,,91.342,29.053,36.706,25.583
VER,1,Red Bull Racing,10,0 days 00:01:48.464000,2.0,,0 days 00:41:35.613000,0 days 00:00:34.812000,0 days 00:00:43.770000,0 days 00:00:29.882000,254.0,228.0,,262.0,SOFT,5.0,True,False,1,,,108.464,34.812,43.77,29.882
VER,1,Red Bull Racing,11,,3.0,0 days 00:48:11.726000,,,0 days 00:00:39.712000,0 days 00:00:26.846000,276.0,232.0,253.0,271.0,SOFT,1.0,True,False,1,,,,,39.712,26.846
VER,1,Red Bull Racing,12,0 days 00:01:27.799000,3.0,,,0 days 00:00:28.249000,0 days 00:00:35.432000,0 days 00:00:24.118000,314.0,261.0,250.0,321.0,SOFT,2.0,True,True,1,,,87.799,28.249,35.432,24.118
VER,1,Red Bull Racing,13,0 days 00:01:55.491000,3.0,,,0 days 00:00:40.851000,0 days 00:00:46.535000,0 days 00:00:28.105000,244.0,239.0,252.0,284.0,SOFT,3.0,True,True,1,,,115.491,40.851,46.535,28.105
VER,1,Red Bull Racing,14,0 days 00:01:27.366000,3.0,,,0 days 00:00:28.269000,0 days 00:00:35.290000,0 days 00:00:23.807000,313.0,264.0,250.0,322.0,SOFT,4.0,True,True,1,,,87.366,28.269,35.29,23.807
VER,1,Red Bull Racing,15,0 days 00:01:37.323000,3.0,,0 days 00:56:21.237000,0 days 00:00:31.347000,0 days 00:00:39.654000,0 days 00:00:26.322000,270.0,242.0,,282.0,SOFT,5.0,True,False,1,,,97.323,31.347,39.654,26.322
VER,1,Red Bull Racing,16,,4.0,0 days 00:59:32.502000,,,0 days 00:00:41.516000,0 days 00:00:28.751000,286.0,238.0,255.0,278.0,SOFT,1.0,True,False,1,,,,,41.516,28.751
VER,1,Red Bull Racing,17,0 days 00:01:26.796000,4.0,,,0 days 00:00:28.138000,0 days 00:00:35.077000,0 days 00:00:23.581000,313.0,262.0,252.0,320.0,SOFT,2.0,True,True,1,,,86.796,28.138,35.077,23.581
VER,1,Red Bull Racing,18,0 days 00:01:46.676000,4.0,,0 days 01:04:26.250000,0 days 00:00:34.419000,0 days 00:00:43.534000,0 days 00:00:28.723000,233.0,231.0,,254.0,SOFT,3.0,True,False,1,,,106.676,34.419,43.534,28.723
VER,1,Red Bull Racing,19,,5.0,0 days 01:10:59.990000,,,0 days 00:00:44.411000,0 days 00:00:28.155000,266.0,233.0,256.0,275.0,SOFT,1.0,True,False,1,,,,,44.411,28.155
VER,1,Red Bull Racing,20,0 days 00:01:26.350000,5.0,,,0 days 00:00:28.036000,0 days 00:00:34.712000,0 days 00:00:23.602000,313.0,262.0,252.0,321.0,SOFT,2.0,True,True,1,,,86.35,28.036,34.712,23.602
VER,1,Red Bull Racing,21,0 days 00:01:44.001000,5.0,,0 days 01:15:52.121000,0 days 00:00:31.835000,0 days 00:00:43.224000,0 days 00:00:28.942000,263.0,227.0,,234.0,SOFT,3.0,True,False,1,,,104.001,31.835,43.224,28.942
VER,1,Red Bull Racing,22,,6.0,0 days 01:19:21.918000,,,0 days 00:00:43.015000,0 days 00:00:27.805000,272.0,237.0,256.0,264.0,SOFT,1.0,True,False,1,,,,,43.015,27.805
VER,1,Red Bull Racing,23,0 days 00:01:26.203000,6.0,,,0 days 00:00:28.136000,0 days 00:00:34.587000,0 days 00:00:23.480000,313.0,264.0,252.0,322.0,SOFT,2.0,True,True,1,,,86.203,28.136,34.587,23.48
VER,1,Red Bull Racing,24,,6.0,,0 days 01:24:26.769000,0 days 00:00:38.393000,0 days 00:00:44.234000,,214.0,227.0,,214.0,SOFT,3.0,True,False,1,,,,38.393,44.234,
PIA,81,McLaren,1,,1.0,0 days 00:14:23.899000,,,0 days 00:00:49.061000,0 days 00:00:34.947000,272.0,237.0,215.0,169.0,INTERMEDIATE,1.0,True,False,1,,,,,49.061,34.947
PIA,81,McLaren,2,0 days 00:01:38.284000,1.0,,,0 days 00:00:31.134000,0 days 00:00:39.802000,0 days 00:00:27.348000,284.0,244.0,226.0,291.0,INTERMEDIATE,2.0,True,True,1,,,98.284,31.134,39.802,27.348
PIA,81,McLaren,3,0 days 00:02:04.359000,1.0,,,0 days 00:00:39.297000,0 days 00:00:46.515000,0 days 00:00:38.547000,239.0,227.0,227.0,125.0,INTERMEDIATE,3.0,True,True,1,,,124.359,39.297,46.515,38.547
PIA,81,McLaren,4,0 days 00:01:37.372000,1.0,,,0 days 00:00:30.856000,0 days 00:00:39.327000,0 days 00:00:27.189000,291.0,240.0,233.0,297.0,INTERMEDIATE,4.0,True,True,1,,,97.372,30.856,39.327,27.189
PIA,81,McLaren,5,,1.0,,0 days 00:23:34.342000,0 days 00:00:35.335000,0 days 00:00:44.337000,,264.0,234.0,,283.0,INTERMEDIATE,5.0,True,False,125,,,,35.335,44.337,
PIA,81,McLaren,6,,2.0,0 days 00:32:25.723000,,,0 days 00:00:39.970000,0 days 00:00:33.267000,282.0,245.0,239.0,282.0,SOFT,1.0,True,False,1,,,,,39.97,33.267
PIA,81,McLaren,7,0 days 00:01:30.895000,2.0,,,0 days 00:00:29.200000,0 days 00:00:36.417000,0 days 00:00:25.278000,286.0,260.0,246.0,292.0,SOFT,2.0,True,True,1,,,90.895,29.2,36.417,25.278
PIA,81,McLaren,8,0 days 00:01:37.055000,2.0,,,0 days 00:00:29.124000,0 days 00:00:41.096000,0 days 00:00:26.835000,292.0,243.0,236.0,300.0,SOFT,3.0,True,True,1,,,97.055,29.124,41.096,26.835
PIA,81,McLaren,9,0 days 00:01:33.173000,2.0,,0 days 00:38:46.861000,0 days 00:00:29.385000,0 days 00:00:36.908000,0 days 00:00:26.880000,285.0,257.0,,296.0,SOFT,4.0,True,False,1,,,93.173,29.385,36.908,26.88
PIA,81,McLaren,10,,3.0,0 days 00:47:53.940000,,,0 days 00:00:41.105000,0 days 00:00:27.826000,292.0,236.0,250.0,300.0,SOFT,5.0,False,False,1,,,,,41.105,27.826
PIA,81,McLaren,11,0 days 00:01:27.631000,3.0,,,0 days 00:00:28.298000,0 days 00:00:35.208000,0 days 00:00:24.125000,310.0,265.0,251.0,319.0,SOFT,6.0,False,True,1,,,87.631,28.298,35.208,24.125
PIA,81,McLaren,12,0 days 00:01:44.903000,3.0,,0 days 00:52:46.301000,0 days 00:00:34.604000,0 days 00:00:42.307000,0 days 00:00:27.992000,245.0,233.0,,284.0,SOFT,7.0,False,False,1,,,104.903,34.604,42.307,27.992
PIA,81,McLaren,13,0 days 00:02:15.880000,4.0,0 days 00:53:18.264000,,0 days 00:01:04.084000,0 days 00:00:43.621000,0 days 00:00:28.175000,219.0,233.0,249.0,300.0,SOFT,1.0,True,False,1,,,135.88,64.084,43.621,28.175
PIA,81,McLaren,14,0 days 00:01:26.945000,4.0,,,0 days 00:00:28.189000,0 days 00:00:34.927000,0 days 00:00:23.829000,309.0,269.0,252.0,318.0,SOFT,2.0,True,True,1,,,86.945,28.189,34.927,23.829
PIA,81,McLaren,15,0 days 00:01:58.849000,4.0,,,0 days 00:00:37.706000,0 days 00:00:46.658000,0 days 00:00:34.485000,236.0,207.0,178.0,264.0,SOFT,3.0,True,True,1,,,118.849,37.706,46.658,34.485
PIA,81,McLaren,16,0 days 00:01:58.801000,4.0,,,0 days 00:00:39.895000,0 days 00:00:45.448000,0 days 00:00:33.458000,254.0,225.0,251.0,296.0,SOFT,4.0,True,True,1,,,118.801,39.895,45.448,33.458
PIA,81,McLaren,17,0 days 00:01:26.733000,4.0,,,0 days 00:00:28.178000,0 days 00:00:34.913000,0 days 00:00:23.642000,308.0,266.0,253.0,320.0,SOFT,5.0,True,True,1,,,86.733,28.178,34.913,23.642
PIA,81,McLaren,18,0 days 00:01:46.861000,4.0,,0 days 01:03:40.427000,0 days 00:00:34.385000,0 days 00:00:43.488000,0 days 00:00:28.988000,234.0,219.0,,245.0,SOFT,6.0,True,False,1,,,106.861,34.385,43.488,28.988
PIA,81,McLaren,19,,5.0,0 days 01:11:04.419000,,,0 days 00:00:41.606000,0 days 00:00:29.999000,292.0,227.0,255.0,300.0,SOFT,1.0,True,False,1,,,,,41.606,29.999
PIA,81,McLaren,20,0 days 00:01:26.237000,5.0,,,0 days 00:00:28.043000,0 days 00:00:34.701000,0 days 00:00:23.493000,309.0,270.0,254.0,321.0,SOFT,2.0,True,True,1,,,86.237,28.043,34.701,23.493
PIA,81,McLaren,21,0 days 00:01:52.174000,5.0,,0 days 01:16:08.720000,0 days 00:00:35.483000,0 days 00:00:44,0 days 00:00:32.691000,240.0,215.0,,221.0,SOFT,3.0,True,False,1,,,112.174,35.483,44.0,32.691
PIA,81,McLaren,22,,6.0,0 days 01:19:49.992000,,,0 days 00:00:37.699000,0 days 00:00:28.043000,298.0,251.0,257.0,310.0,SOFT,1.0,True,False,1,,,,,37.699,28.043
PIA,81,McLaren,23,0 days 00:01:27.043000,6.0,,,0 days 00:00:28.096000,0 days 00:00:35.140000,0 days 00:00:23.807000,318.0,268.0,254.0,332.0,SOFT,2.0,True,True,1,,,87.043,28.096,35.14,23.807
PIA,81,McLaren,24,,6.0,,0 days 01:24:59.045000,0 days 00:00:42.076000,0 days 00:00:44.318000,,234.0,215.0,,226.0,SOFT,3.0,True,False,1,,,,42.076,44.318,
HUL,27,Haas F1 Team,1,,1.0,0 days 00:32:05.309000,,,0 days 00:00:43.290000,0 days 00:00:28.956000,270.0,228.0,238.0,278.0,SOFT,1.0,True,False,1,,,,,43.29,28.956
HUL,27,Haas F1 Team,2,0 days 00:01:31.929000,1.0,,,0 days 00:00:29.532000,0 days 00:00:37.039000,0 days 00:00:25.358000,295.0,256.0,248.0,302.0,SOFT,2.0,True,True,1,,,91.929,29.532,37.039,25.358
HUL,27,Haas F1 Team,3,0 days 00:02:04.347000,1.0,,0 days 00:37:21.282000,0 days 00:00:32.406000,0 days 00:00:56.099000,0 days 00:00:35.842000,269.0,195.0,,213.0,SOFT,3.0,True,False,1,,,124.347,32.406,56.099,35.842
HUL,27,Haas F1 Team,4,,2.0,0 days 00:47:34.020000,,,0 days 00:00:40.493000,0 days 00:00:26.399000,282.0,243.0,252.0,286.0,SOFT,1.0,True,False,1,,,,,40.493,26.399
HUL,27,Haas F1 Team,5,0 days 00:01:27.718000,2.0,,,0 days 00:00:28.412000,0 days 00:00:35.434000,0 days 00:00:23.872000,315.0,265.0,253.0,323.0,SOFT,2.0,True,True,1,,,87.718,28.412,35.434,23.872
HUL,27,Haas F1 Team,6,0 days 00:01:36.123000,2.0,,0 days 00:52:15.533000,0 days 00:00:30.843000,0 days 00:00:39.857000,0 days 00:00:25.423000,291.0,241.0,,300.0,SOFT,3.0,True,False,1,,,96.123,30.843,39.857,25.423
HUL,27,Haas F1 Team,7,,3.0,0 days 00:55:20.248000,,,0 days 00:00:43.461000,0 days 00:00:29.151000,278.0,234.0,252.0,253.0,SOFT,1.0,True,False,1,,,,,43.461,29.151
HUL,27,Haas F1 Team,8,0 days 00:01:26.847000,3.0,,,0 days 00:00:28.059000,0 days 00:00:35.073000,0 days 00:00:23.715000,314.0,262.0,253.0,322.0,SOFT,2.0,True,True,1,,,86.847,28.059,35.073,23.715
HUL,27,Haas F1 Team,9,0 days 00:01:54.433000,3.0,,,0 days 00:00:36.761000,0 days 00:00:46.557000,0 days 00:00:31.115000,231.0,207.0,252.0,252.0,SOFT,3.0,True,True,1,,,114.433,36.761,46.557,31.115
HUL,27,Haas F1 Team,10,0 days 00:01:27.073000,3.0,,,0 days 00:00:28.252000,0 days 00:00:35.163000,0 days 00:00:23.658000,313.0,264.0,253.0,324.0,SOFT,4.0,True,True,1,,,87.073,28.252,35.163,23.658
HUL,27,Haas F1 Team,11,0 days 00:01:39.954000,3.0,,0 days 01:03:25.672000,0 days 00:00:31.745000,0 days 00:00:41.403000,0 days 00:00:26.806000,267.0,236.0,,293.0,SOFT,5.0,True,False,1,,,99.954,31.745,41.403,26.806
HUL,27,Haas F1 Team,12,,4.0,0 days 01:11:44.645000,,,0 days 00:00:46.256000,0 days 00:00:28.936000,227.0,230.0,254.0,247.0,SOFT,1.0,True,False,1,,,,,46.256,28.936
HUL,27,Haas F1 Team,13,0 days 00:01:26.401000,4.0,,,0 days 00:00:28.040000,0 days 00:00:34.899000,0 days 00:00:23.462000,313.0,267.0,254.0,323.0,SOFT,2.0,True,True,1,,,86.401,28.04,34.899,23.462
HUL,27,Haas F1 Team,14,0 days 00:01:34.246000,4.0,,0 days 01:16:39.268000,0 days 00:00:30.171000,0 days 00:00:38.559000,0 days 00:00:25.516000,288.0,245.0,,298.0,SOFT,3.0,True,False,1,,,94.246,30.171,38.559,25.516
HUL,27,Haas F1 Team,15,,5.0,0 days 01:19:04.605000,,,0 days 00:00:44.673000,0 days 00:00:30.422000,230.0,196.0,255.0,247.0,SOFT,1.0,True,False,1,,,,,44.673,30.422
HUL,27,Haas F1 Team,16,0 days 00:01:26.338000,5.0,,,0 days 00:00:27.886000,0 days 00:00:34.783000,0 days 00:00:23.669000,315.0,261.0,253.0,324.0,SOFT,2.0,True,True,1,,,86.338,27.886,34.783,23.669
HUL,27,Haas F1 Team,17,,5.0,,0 days 01:24:16.777000,0 days 00:00:34.447000,0 days 00:00:47.733000,,253.0,218.0,,204.0,SOFT,3.0,True,False,1,,,,34.447,47.733,
SAI,55,Ferrari,1,,1.0,0 days 00:13:51.680000,,,0 days 00:00:45.573000,0 days 00:00:37.729000,268.0,229.0,222.0,281.0,INTERMEDIATE,1.0,True,False,1,,,,,45.573,37.729
SAI,55,Ferrari,2,0 days 00:01:43.234000,1.0,,,0 days 00:00:31.356000,0 days 00:00:42.883000,0 days 00:00:28.995000,290.0,227.0,235.0,282.0,INTERMEDIATE,2.0,True,True,1,,,103.234,31.356,42.883,28.995
SAI,55,Ferrari,3,0 days 00:01:38.511000,1.0,,,0 days 00:00:31.118000,0 days 00:00:39.998000,0 days 00:00:27.395000,291.0,244.0,230.0,297.0,INTERMEDIATE,3.0,True,True,1,,,98.511,31.118,39.998,27.395
SAI,55,Ferrari,4,0 days 00:01:59.066000,1.0,,0 days 00:21:16.902000,0 days 00:00:41.850000,0 days 00:00:48.106000,0 days 00:00:29.110000,116.0,222.0,,275.0,INTERMEDIATE,4.0,True,False,1,,,119.066,41.85,48.106,29.11
SAI,55,Ferrari,5,,2.0,0 days 00:22:16.695000,0 days 00:24:14.665000,0 days 00:01:26.824000,,,276.0,,,,SOFT,1.0,True,False,125,,,,86.824,,
SAI,55,Ferrari,6,,3.0,0 days 00:33:24.163000,,,0 days 00:00:40.672000,0 days 00:00:32.669000,273.0,239.0,225.0,141.0,SOFT,1.0,True,False,1,,,,,40.672,32.669
SAI,55,Ferrari,7,0 days 00:01:35.902000,3.0,,,0 days 00:00:29.320000,0 days 00:00:40.159000,0 days 00:00:26.423000,287.0,251.0,239.0,299.0,SOFT,2.0,True,True,1,,,95.902,29.32,40.159,26.423
SAI,55,Ferrari,8,0 days 00:01:31.497000,3.0,,,0 days 00:00:29.163000,0 days 00:00:37.111000,0 days 00:00:25.223000,294.0,260.0,244.0,295.0,SOFT,3.0,True,True,1,,,91.497,29.163,37.111,25.223
SAI,55,Ferrari,9,0 days 00:01:30.557000,3.0,,,0 days 00:00:29.127000,0 days 00:00:36.345000,0 days 00:00:25.085000,288.0,262.0,245.0,299.0,SOFT,4.0,True,True,1,,,90.557,29.127,36.345,25.085
SAI,55,Ferrari,10,0 days 00:01:49.689000,3.0,,0 days 00:41:37.411000,0 days 00:00:37.995000,0 days 00:00:42.404000,0 days 00:00:29.290000,227.0,235.0,,272.0,SOFT,5.0,True,False,1,,,109.689,37.995,42.404,29.29
SAI,55,Ferrari,11,,4.0,0 days 00:48:14.068000,,,0 days 00:00:39.090000,0 days 00:00:29.594000,290.0,243.0,243.0,297.0,SOFT,2.0,False,False,1,,,,,39.09,29.594
SAI,55,Ferrari,12,0 days 00:01:27.540000,4.0,,,0 days 00:00:28.195000,0 days 00:00:35.372000,0 days 00:00:23.973000,314.0,267.0,252.0,321.0,SOFT,3.0,False,True,1,,,87.54,28.195,35.372,23.973
SAI,55,Ferrari,13,0 days 00:01:57.986000,4.0,,,0 days 00:00:41.290000,0 days 00:00:46.128000,0 days 00:00:30.568000,236.0,217.0,252.0,246.0,SOFT,4.0,False,True,1,,,117.986,41.29,46.128,30.568
SAI,55,Ferrari,14,0 days 00:01:27.149000,4.0,,,0 days 00:00:28.244000,0 days 00:00:35.194000,0 days 00:00:23.711000,316.0,267.0,252.0,322.0,SOFT,5.0,False,True,1,,,87.149,28.244,35.194,23.711
SAI,55,Ferrari,15,0 days 00:01:39.616000,4.0,,0 days 00:56:32.044000,0 days 00:00:31.624000,0 days 00:00:38.861000,0 days 00:00:29.131000,267.0,245.0,,206.0,SOFT,6.0,False,False,1,,,99.616,31.624,38.861,29.131
SAI,55,Ferrari,16,,5.0,0 days 00:58:52.093000,,,0 days 00:00:41.006000,0 days 00:00:37.952000,291.0,229.0,254.0,298.0,SOFT,1.0,True,False,1,,,,,41.006,37.952
SAI,55,Ferrari,17,0 days 00:01:26.843000,5.0,,,0 days 00:00:28.107000,0 days 00:00:35.040000,0 days 00:00:23.696000,313.0,263.0,253.0,323.0,SOFT,2.0,True,True,1,,,86.843,28.107,35.04,23.696
SAI,55,Ferrari,18,0 days 00:01:45.692000,5.0,,0 days 01:03:52.822000,0 days 00:00:36.625000,0 days 00:00:41.972000,0 days 00:00:27.095000,254.0,226.0,,272.0,SOFT,3.0,True,False,1,,,105.692,36.625,41.972,27.095
SAI,55,Ferrari,19,,6.0,0 days 01:11:31.539000,,,0 days 00:00:42.824000,0 days 00:00:27.110000,291.0,192.0,255.0,294.0,SOFT,1.0,True,False,1,,,,,42.824,27.11
SAI,55,Ferrari,20,0 days 00:01:26.509000,6.0,,,0 days 00:00:28.009000,0 days 00:00:34.891000,0 days 00:00:23.609000,313.0,265.0,254.0,321.0,SOFT,2.0,True,True,1,,,86.509,28.009,34.891,23.609
SAI,55,Ferrari,21,0 days 00:01:44.919000,6.0,,0 days 01:16:23.813000,0 days 00:00:34.776000,0 days 00:00:43.487000,0 days 00:00:26.656000,246.0,236.0,,279.0,SOFT,3.0,True,False,1,,,104.919,34.776,43.487,26.656
SAI,55,Ferrari,22,,7.0,0 days 01:19:53.756000,,,0 days 00:00:38.574000,0 days 00:00:28.824000,293.0,255.0,255.0,303.0,SOFT,1.0,True,False,1,,,,,38.574,28.824
SAI,55,Ferrari,23,0 days 00:01:26.749000,7.0,,,0 days 00:00:28.314000,0 days 00:00:34.897000,0 days 00:00:23.538000,316.0,264.0,253.0,324.0,SOFT,2.0,True,True,1,,,86.749,28.314,34.897,23.538
SAI,55,Ferrari,24,,7.0,,0 days 01:24:56.311000,0 days 00:00:38.040000,0 days 00:00:46.613000,,208.0,210.0,,209.0,SOFT,3.0,True,False,1,,,,38.04,46.613,
STR,18,Aston Martin,1,,1.0,0 days 00:13:41.843000,,,0 days 00:00:43.258000,0 days 00:00:37.384000,263.0,240.0,229.0,126.0,SOFT,1.0,True,False,1,,,,,43.258,37.384
STR,18,Aston Martin,2,0 days 00:01:39.627000,1.0,,,0 days 00:00:31.123000,0 days 00:00:40.705000,0 days 00:00:27.799000,288.0,241.0,226.0,298.0,SOFT,2.0,True,True,1,,,99.627,31.123,40.705,27.799
STR,18,Aston Martin,3,0 days 00:02:11.284000,1.0,,,0 days 00:00:43.798000,0 days 00:00:51.338000,0 days 00:00:36.148000,218.0,219.0,226.0,279.0,SOFT,3.0,True,True,1,,,131.284,43.798,51.338,36.148
STR,18,Aston Martin,4,0 days 00:01:38.282000,1.0,,,0 days 00:00:30.873000,0 days 00:00:39.777000,0 days 00:00:27.632000,292.0,242.0,228.0,299.0,SOFT,4.0,True,True,1,,,98.282,30.873,39.777,27.632
STR,18,Aston Martin,5,0 days 00:01:47.031000,1.0,0 days 00:23:19.043000,0 days 00:25:25.942000,0 days 00:00:34.422000,0 days 00:00:44.220000,0 days 00:00:28.389000,264.0,231.0,,281.0,SOFT,5.0,True,False,1,,,107.031,34.422,44.22,28.389
STR,18,Aston Martin,6,,2.0,0 days 00:32:08.459000,,,0 days 00:00:42.785000,0 days 00:00:30.910000,282.0,235.0,218.0,283.0,SOFT,1.0,True,False,1,,,,,42.785,30.91
STR,18,Aston Martin,7,0 days 00:01:37.763000,2.0,,,0 days 00:00:29.798000,0 days 00:00:40.037000,0 days 00:00:27.928000,287.0,251.0,237.0,295.0,SOFT,2.0,True,True,1,,,97.763,29.798,40.037,27.928
STR,18,Aston Martin,8,0 days 00:01:37.381000,2.0,,,0 days 00:00:29.252000,0 days 00:00:41.857000,0 days 00:00:26.272000,296.0,238.0,239.0,300.0,SOFT,3.0,True,True,1,,,97.381,29.252,41.857,26.272
STR,18,Aston Martin,9,0 days 00:01:31.410000,2.0,,,0 days 00:00:29.063000,0 days 00:00:37.150000,0 days 00:00:25.197000,286.0,256.0,249.0,295.0,SOFT,4.0,True,True,1,,,91.41,29.063,37.15,25.197
STR,18,Aston Martin,10,0 days 00:01:49.690000,2.0,,0 days 00:40:29.647000,0 days 00:00:29.142000,0 days 00:00:47.705000,0 days 00:00:32.843000,231.0,224.0,,272.0,SOFT,5.0,True,False,1,,,109.69,29.142,47.705,32.843
STR,18,Aston Martin,11,,3.0,0 days 00:47:15.715000,,,0 days 00:00:41.905000,0 days 00:00:28.041000,268.0,242.0,250.0,303.0,SOFT,1.0,True,False,1,,,,,41.905,28.041
STR,18,Aston Martin,12,0 days 00:01:28.160000,3.0,,,0 days 00:00:28.182000,0 days 00:00:35.735000,0 days 00:00:24.243000,313.0,266.0,251.0,325.0,SOFT,2.0,True,True,1,,,88.16,28.182,35.735,24.243
STR,18,Aston Martin,13,0 days 00:02:02.826000,3.0,,,0 days 00:00:42.577000,0 days 00:00:47.557000,0 days 00:00:32.692000,222.0,233.0,251.0,158.0,SOFT,3.0,True,True,1,,,122.826,42.577,47.557,32.692
STR,18,Aston Martin,14,0 days 00:01:27.556000,3.0,,,0 days 00:00:28.124000,0 days 00:00:35.434000,0 days 00:00:23.998000,315.0,265.0,251.0,325.0,SOFT,4.0,True,True,1,,,87.556,28.124,35.434,23.998
STR,18,Aston Martin,15,0 days 00:01:36.613000,3.0,,0 days 00:55:31.457000,0 days 00:00:31.369000,0 days 00:00:40.123000,0 days 00:00:25.121000,260.0,249.0,,306.0,SOFT,5.0,True,False,1,,,96.613,31.369,40.123,25.121
STR,18,Aston Martin,16,,4.0,0 days 00:59:20.465000,,,0 days 00:00:42.521000,0 days 00:00:38.679000,203.0,246.0,250.0,252.0,SOFT,2.0,False,False,1,,,,,42.521,38.679
STR,18,Aston Martin,17,0 days 00:01:26.938000,4.0,,,0 days 00:00:28.158000,0 days 00:00:35.029000,0 days 00:00:23.751000,313.0,266.0,252.0,324.0,SOFT,3.0,False,True,1,,,86.938,28.158,35.029,23.751
STR,18,Aston Martin,18,0 days 00:01:52.433000,4.0,,0 days 01:04:49.040000,0 days 00:00:33.469000,0 days 00:00:49.141000,0 days 00:00:29.823000,255.0,231.0,,194.0,SOFT,4.0,False,False,1,,,112.433,33.469,49.141,29.823
STR,18,Aston Martin,19,,5.0,0 days 01:11:37.324000,,,0 days 00:00:41.853000,0 days 00:00:28.058000,270.0,241.0,251.0,293.0,SOFT,5.0,False,False,1,,,,,41.853,28.058
STR,18,Aston Martin,20,0 days 00:01:26.798000,5.0,,,0 days 00:00:28.052000,0 days 00:00:35.204000,0 days 00:00:23.542000,310.0,268.0,252.0,323.0,SOFT,6.0,False,True,1,,,86.798,28.052,35.204,23.542
STR,18,Aston Martin,21,0 days 00:01:52.389000,5.0,,0 days 01:16:41.359000,0 days 00:00:32.872000,0 days 00:00:47.925000,0 days 00:00:31.592000,199.0,232.0,,183.0,SOFT,7.0,False,False,1,,,112.389,32.872,47.925,31.592
STR,18,Aston Martin,22,,6.0,0 days 01:19:00.073000,,,0 days 00:00:44.209000,0 days 00:00:30.258000,254.0,240.0,253.0,255.0,SOFT,1.0,True,False,1,,,,,44.209,30.258
STR,18,Aston Martin,23,0 days 00:01:26.585000,6.0,,,0 days 00:00:27.892000,0 days 00:00:34.941000,0 days 00:00:23.752000,312.0,257.0,252.0,324.0,SOFT,2.0,True,True,1,,,86.585,27.892,34.941,23.752
STR,18,Aston Martin,24,,6.0,,0 days 01:24:08.594000,0 days 00:00:33.973000,0 days 00:00:48.449000,,218.0,229.0,,186.0,SOFT,3.0,True,False,1,,,,33.973,48.449,
ALB,23,Williams,1,,1.0,0 days 00:14:39.973000,,,0 days 00:00:47.465000,0 days 00:00:33.466000,280.0,237.0,227.0,299.0,INTERMEDIATE,1.0,True,False,1,,,,,47.465,33.466
ALB,23,Williams,2,0 days 00:01:38.048000,1.0,,,0 days 00:00:31.184000,0 days 00:00:39.702000,0 days 00:00:27.162000,286.0,246.0,227.0,296.0,INTERMEDIATE,2.0,True,True,1,,,98.048,31.184,39.702,27.162
ALB,23,Williams,3,0 days 00:02:03.892000,1.0,,,0 days 00:00:36.852000,0 days 00:00:52.069000,0 days 00:00:34.971000,133.0,209.0,226.0,168.0,INTERMEDIATE,3.0,True,True,1,,,123.892,36.852,52.069,34.971
ALB,23,Williams,4,0 days 00:01:53.402000,1.0,,0 days 00:22:06.633000,0 days 00:00:31.217000,0 days 00:00:49.795000,0 days 00:00:32.390000,284.0,198.0,,238.0,INTERMEDIATE,4.0,True,False,1,,,113.402,31.217,49.795,32.39
ALB,23,Williams,5,,2.0,0 days 00:22:46.844000,0 days 00:24:49.822000,,,,,,,,SOFT,1.0,True,False,125,,,,,,
ALB,23,Williams,6,,3.0,0 days 00:33:38.128000,,,0 days 00:00:44.779000,0 days 00:00:37.816000,289.0,240.0,223.0,239.0,SOFT,1.0,True,False,1,,,,,44.779,37.816
ALB,23,Williams,7,0 days 00:01:42.051000,3.0,,,0 days 00:00:29.675000,0 days 00:00:42.504000,0 days 00:00:29.872000,286.0,237.0,236.0,297.0,SOFT,2.0,True,True,1,,,102.051,29.675,42.504,29.872
ALB,23,Williams,8,0 days 00:01:31.135000,3.0,,,0 days 00:00:29.294000,0 days 00:00:36.646000,0 days 00:00:25.195000,294.0,257.0,236.0,304.0,SOFT,3.0,True,True,1,,,91.135,29.294,36.646,25.195
ALB,23,Williams,9,0 days 00:01:53.307000,3.0,,0 days 00:40:41.764000,0 days 00:00:32.831000,0 days 00:00:49.725000,0 days 00:00:30.751000,264.0,230.0,,285.0,SOFT,4.0,True,False,1,,,113.307,32.831,49.725,30.751
ALB,23,Williams,10,,4.0,0 days 00:46:53.458000,,,0 days 00:00:42.933000,0 days 00:00:29.088000,284.0,235.0,251.0,281.0,SOFT,2.0,False,False,1,,,,,42.933,29.088
ALB,23,Williams,11,0 days 00:01:27.983000,4.0,,,0 days 00:00:28.283000,0 days 00:00:35.534000,0 days 00:00:24.166000,303.0,263.0,251.0,320.0,SOFT,3.0,False,True,1,,,87.983,28.283,35.534,24.166
ALB,23,Williams,12,0 days 00:01:59.279000,4.0,,,0 days 00:00:40.478000,0 days 00:00:51.394000,0 days 00:00:27.407000,251.0,223.0,252.0,286.0,SOFT,4.0,False,True,1,,,119.279,40.478,51.394,27.407
ALB,23,Williams,13,0 days 00:01:27.553000,4.0,,,0 days 00:00:28.263000,0 days 00:00:35.408000,0 days 00:00:23.882000,314.0,265.0,252.0,323.0,SOFT,5.0,False,True,1,,,87.553,28.263,35.408,23.882
ALB,23,Williams,14,0 days 00:01:36.857000,4.0,,0 days 00:55:04.632000,0 days 00:00:30.535000,0 days 00:00:39.481000,0 days 00:00:26.841000,273.0,242.0,,287.0,SOFT,6.0,False,False,1,,,96.857,30.535,39.481,26.841
ALB,23,Williams,15,,5.0,0 days 00:57:46.143000,,,0 days 00:00:47.823000,0 days 00:00:26.315000,291.0,234.0,254.0,287.0,SOFT,1.0,True,False,1,,,,,47.823,26.315
ALB,23,Williams,16,0 days 00:01:26.933000,5.0,,,0 days 00:00:28.306000,0 days 00:00:34.874000,0 days 00:00:23.753000,312.0,263.0,252.0,324.0,SOFT,2.0,True,True,1,,,86.933,28.306,34.874,23.753
ALB,23,Williams,17,0 days 00:01:54.451000,5.0,,0 days 01:02:48.415000,0 days 00:00:37.643000,0 days 00:00:48.368000,0 days 00:00:28.440000,125.0,236.0,,232.0,SOFT,3.0,True,False,1,,,114.451,37.643,48.368,28.44
ALB,23,Williams,18,,6.0,0 days 01:10:52.772000,,,0 days 00:00:45.732000,0 days 00:00:27.896000,290.0,224.0,253.0,283.0,SOFT,5.0,False,False,1,,,,,45.732,27.896
ALB,23,Williams,19,0 days 00:01:27.008000,6.0,,,0 days 00:00:28.274000,0 days 00:00:35.010000,0 days 00:00:23.724000,312.0,263.0,252.0,322.0,SOFT,6.0,False,True,1,,,87.008,28.274,35.01,23.724
ALB,23,Williams,20,0 days 00:01:54.125000,6.0,,0 days 01:15:54.521000,0 days 00:00:32.567000,0 days 00:00:50.671000,0 days 00:00:30.887000,264.0,173.0,,208.0,SOFT,7.0,False,False,1,,,114.125,32.567,50.671,30.887
ALB,23,Williams,21,,7.0,0 days 01:18:57.469000,,,0 days 00:00:46.029000,0 days 00:00:28.461000,286.0,207.0,255.0,300.0,SOFT,1.0,True,False,1,,,,,46.029,28.461
ALB,23,Williams,22,0 days 00:01:26.640000,7.0,,,0 days 00:00:28.004000,0 days 00:00:34.999000,0 days 00:00:23.637000,313.0,266.0,253.0,324.0,SOFT,2.0,True,True,1,,,86.64,28.004,34.999,23.637
ALB,23,Williams,23,,7.0,,0 days 01:24:01.237000,0 days 00:00:33.646000,0 days 00:00:52.866000,,240.0,191.0,,262.0,SOFT,3.0,True,False,1,,,,33.646,52.866,
ALO,14,Aston Martin,1,,1.0,0 days 00:13:34.939000,,,0 days 00:00:45.397000,0 days 00:00:34.701000,277.0,237.0,227.0,143.0,INTERMEDIATE,1.0,True,False,1,,,,,45.397,34.701
ALO,14,Aston Martin,2,0 days 00:01:39.686000,1.0,,,0 days 00:00:31.296000,0 days 00:00:40.352000,0 days 00:00:28.038000,288.0,242.0,224.0,297.0,INTERMEDIATE,2.0,True,True,1,,,99.686,31.296,40.352,28.038
ALO,14,Aston Martin,3,0 days 00:02:07.212000,1.0,,,0 days 00:00:40.811000,0 days 00:00:50.620000,0 days 00:00:35.781000,254.0,222.0,234.0,280.0,INTERMEDIATE,3.0,True,True,1,,,127.212,40.811,50.62,35.781
ALO,14,Aston Martin,4,0 days 00:01:38.356000,1.0,,,0 days 00:00:30.878000,0 days 00:00:39.769000,0 days 00:00:27.709000,291.0,246.0,224.0,299.0,INTERMEDIATE,4.0,True,True,1,,,98.356,30.878,39.769,27.709
ALO,14,Aston Martin,5,0 days 00:01:45.783000,1.0,,0 days 00:22:36.105000,0 days 00:00:33.239000,0 days 00:00:42.979000,0 days 00:00:29.565000,264.0,230.0,,281.0,INTERMEDIATE,5.0,True,False,1,,,105.783,33.239,42.979,29.565
ALO,14,Aston Martin,6,,2.0,0 days 00:23:10.032000,0 days 00:25:17.215000,,,,,,,,SOFT,1.0,True,False,125,,,,,,
ALO,14,Aston Martin,7,,3.0,0 days 00:32:16.802000,,,0 days 00:00:41.921000,0 days 00:00:31.114000,274.0,239.0,234.0,281.0,SOFT,1.0,True,False,1,,,,,41.921,31.114
ALO,14,Aston Martin,8,0 days 00:01:32.352000,3.0,,,0 days 00:00:29.348000,0 days 00:00:36.942000,0 days 00:00:26.062000,289.0,259.0,232.0,297.0,SOFT,2.0,True,True,1,,,92.352,29.348,36.942,26.062
ALO,14,Aston Martin,9,0 days 00:02:08.082000,3.0,,,0 days 00:00:35.902000,0 days 00:00:54.655000,0 days 00:00:37.525000,186.0,224.0,231.0,282.0,SOFT,3.0,True,True,1,,,128.082,35.902,54.655,37.525
ALO,14,Aston Martin,10,0 days 00:01:31.264000,3.0,,,0 days 00:00:29.224000,0 days 00:00:36.835000,0 days 00:00:25.205000,292.0,260.0,249.0,303.0,SOFT,4.0,True,True,1,,,91.264,29.224,36.835,25.205
ALO,14,Aston Martin,11,0 days 00:01:46.968000,3.0,,0 days 00:40:58.466000,0 days 00:00:35.062000,0 days 00:00:41.867000,0 days 00:00:30.039000,264.0,237.0,,250.0,SOFT,5.0,True,False,1,,,106.968,35.062,41.867,30.039
ALO,14,Aston Martin,12,,4.0,0 days 00:47:23.351000,,,0 days 00:00:39.258000,0 days 00:00:28.224000,291.0,247.0,251.0,304.0,SOFT,1.0,True,False,1,,,,,39.258,28.224
ALO,14,Aston Martin,13,0 days 00:01:27.652000,4.0,,,0 days 00:00:28.113000,0 days 00:00:35.421000,0 days 00:00:24.118000,313.0,265.0,252.0,323.0,SOFT,2.0,True,True,1,,,87.652,28.113,35.421,24.118
ALO,14,Aston Martin,14,0 days 00:02:03.619000,4.0,,,0 days 00:00:38.553000,0 days 00:00:54.070000,0 days 00:00:30.996000,238.0,224.0,251.0,301.0,SOFT,3.0,True,True,1,,,123.619,38.553,54.07,30.996
ALO,14,Aston Martin,15,0 days 00:01:27.279000,4.0,,,0 days 00:00:28.260000,0 days 00:00:35.143000,0 days 00:00:23.876000,315.0,264.0,252.0,325.0,SOFT,4.0,True,True,1,,,87.279,28.26,35.143,23.876
ALO,14,Aston Martin,16,0 days 00:01:38.437000,4.0,,0 days 00:55:39.323000,0 days 00:00:31.758000,0 days 00:00:40.198000,0 days 00:00:26.481000,244.0,249.0,,287.0,SOFT,5.0,True,False,1,,,98.437,31.758,40.198,26.481
ALO,14,Aston Martin,17,,5.0,0 days 00:59:11.373000,,,0 days 00:00:38.587000,0 days 00:00:33.543000,305.0,247.0,255.0,306.0,SOFT,2.0,False,False,1,,,,,38.587,33.543
ALO,14,Aston Martin,18,0 days 00:01:26.730000,5.0,,,0 days 00:00:28.136000,0 days 00:00:34.915000,0 days 00:00:23.679000,314.0,265.0,252.0,323.0,SOFT,3.0,False,True,1,,,86.73,28.136,34.915,23.679
ALO,14,Aston Martin,19,0 days 00:01:52.850000,5.0,,0 days 01:04:16.496000,0 days 00:00:34.691000,0 days 00:00:46.431000,0 days 00:00:31.728000,227.0,232.0,,207.0,SOFT,4.0,False,False,1,,,112.85,34.691,46.431,31.728
ALO,14,Aston Martin,20,,6.0,0 days 01:11:08.865000,,,0 days 00:00:39.213000,0 days 00:00:30.085000,296.0,242.0,254.0,304.0,SOFT,5.0,False,False,1,,,,,39.213,30.085
ALO,14,Aston Martin,21,0 days 00:01:26.917000,6.0,,,0 days 00:00:28.248000,0 days 00:00:35.038000,0 days 00:00:23.631000,314.0,266.0,252.0,323.0,SOFT,6.0,False,True,1,,,86.917,28.248,35.038,23.631
ALO,14,Aston Martin,22,0 days 00:01:40.059000,6.0,,0 days 01:16:02.764000,0 days 00:00:31.171000,0 days 00:00:40.689000,0 days 00:00:28.199000,254.0,244.0,,280.0,SOFT,7.0,False,False,1,,,100.059,31.171,40.689,28.199
ALO,14,Aston Martin,23,,7.0,0 days 01:19:57.851000,,,0 days 00:00:38.124000,0 days 00:00:32.602000,298.0,256.0,233.0,320.0,SOFT,1.0,True,False,1,,,,,38.124,32.602
ALO,14,Aston Martin,24,,7.0,,0 days 01:23:09.134000,0 days 00:00:28.288000,0 days 00:00:37.453000,,316.0,244.0,,301.0,SOFT,2.0,True,False,1,,,,28.288,37.453,
LEC,16,Ferrari,1,,1.0,0 days 00:13:48.988000,,,0 days 00:00:46.168000,0 days 00:00:35.044000,240.0,226.0,218.0,277.0,INTERMEDIATE,1.0,True,False,1,,,,,46.168,35.044
LEC,16,Ferrari,2,0 days 00:01:38.039000,1.0,,,0 days 00:00:31.008000,0 days 00:00:39.715000,0 days 00:00:27.316000,290.0,244.0,227.0,291.0,INTERMEDIATE,2.0,True,True,1,,,98.039,31.008,39.715,27.316
LEC,16,Ferrari,3,0 days 00:01:58.228000,1.0,,0 days 00:19:26.610000,0 days 00:00:35.160000,0 days 00:00:52.516000,0 days 00:00:30.552000,225.0,221.0,,275.0,INTERMEDIATE,3.0,True,False,1,,,118.228,35.16,52.516,30.552
LEC,16,Ferrari,4,0 days 00:02:20.222000,2.0,0 days 00:19:56.941000,,0 days 00:00:58.786000,0 days 00:00:47.052000,0 days 00:00:34.384000,270.0,226.0,188.0,245.0,SOFT,1.0,True,False,1,,,140.222,58.786,47.052,34.384
LEC,16,Ferrari,5,,2.0,,0 days 00:25:47.359000,0 days 00:00:31.044000,0 days 00:00:40.196000,,293.0,248.0,,292.0,SOFT,2.0,True,False,125,,,,31.044,40.196,
LEC,16,Ferrari,6,,3.0,0 days 00:33:28.637000,,,0 days 00:00:44.863000,0 days 00:00:34.199000,270.0,234.0,225.0,286.0,SOFT,1.0,True,False,1,,,,,44.863,34.199
LEC,16,Ferrari,7,0 days 00:01:36.176000,3.0,,,0 days 00:00:29.272000,0 days 00:00:39.903000,0 days 00:00:27.001000,296.0,251.0,221.0,300.0,SOFT,2.0,True,True,1,,,96.176,29.272,39.903,27.001
LEC,16,Ferrari,8,0 days 00:01:32.593000,3.0,,,0 days 00:00:29.645000,0 days 00:00:37.379000,0 days 00:00:25.569000,282.0,259.0,231.0,300.0,SOFT,3.0,True,True,1,,,92.593,29.645,37.379,25.569
LEC,16,Ferrari,9,0 days 00:01:30.496000,3.0,,,0 days 00:00:29.112000,0 days 00:00:36.265000,0 days 00:00:25.119000,291.0,261.0,239.0,296.0,SOFT,4.0,True,True,1,,,90.496,29.112,36.265,25.119
LEC,16,Ferrari,10,0 days 00:01:46.686000,3.0,,0 days 00:41:49.919000,0 days 00:00:34.039000,0 days 00:00:44.300000,0 days 00:00:28.347000,265.0,233.0,,281.0,SOFT,5.0,True,False,1,,,106.686,34.039,44.3,28.347
LEC,16,Ferrari,11,,4.0,0 days 00:48:02.219000,,,0 days 00:00:40.104000,0 days 00:00:27.656000,287.0,243.0,238.0,298.0,SOFT,3.0,False,False,1,,,,,40.104,27.656
LEC,16,Ferrari,12,0 days 00:01:28.579000,4.0,,,0 days 00:00:28.570000,0 days 00:00:35.784000,0 days 00:00:24.225000,312.0,263.0,248.0,318.0,SOFT,4.0,False,True,1,,,88.579,28.57,35.784,24.225
LEC,16,Ferrari,13,0 days 00:01:49.863000,4.0,,,0 days 00:00:28.686000,0 days 00:00:48.479000,0 days 00:00:32.698000,276.0,182.0,248.0,203.0,SOFT,5.0,False,True,1,,,109.863,28.686,48.479,32.698
LEC,16,Ferrari,14,0 days 00:01:27.667000,4.0,,,0 days 00:00:28.344000,0 days 00:00:35.440000,0 days 00:00:23.883000,313.0,263.0,252.0,321.0,SOFT,6.0,False,True,1,,,87.667,28.344,35.44,23.883
LEC,16,Ferrari,15,0 days 00:01:37.189000,4.0,,0 days 00:56:05.666000,0 days 00:00:30.417000,0 days 00:00:39.506000,0 days 00:00:27.266000,285.0,243.0,,297.0,SOFT,7.0,False,False,1,,,97.189,30.417,39.506,27.266
LEC,16,Ferrari,16,,5.0,0 days 00:58:47.559000,,,0 days 00:00:41.547000,0 days 00:00:38.483000,271.0,239.0,254.0,209.0,SOFT,1.0,True,False,1,,,,,41.547,38.483
LEC,16,Ferrari,17,0 days 00:01:27.097000,5.0,,,0 days 00:00:28.117000,0 days 00:00:35.160000,0 days 00:00:23.820000,312.0,254.0,254.0,321.0,SOFT,2.0,True,True,1,,,87.097,28.117,35.16,23.82
LEC,16,Ferrari,18,0 days 00:01:44.610000,5.0,,0 days 01:03:45.301000,0 days 00:00:34.341000,0 days 00:00:41.646000,0 days 00:00:28.623000,270.0,242.0,,271.0,SOFT,3.0,True,False,1,,,104.61,34.341,41.646,28.623
SAR,2,Williams,1,,1.0,0 days 00:12:48.702000,,,0 days 00:00:44.542000,0 days 00:00:29.916000,284.0,239.0,222.0,298.0,INTERMEDIATE,1.0,True,False,1,,,,,44.542,29.916
SAR,2,Williams,2,0 days 00:01:40.215000,1.0,,,0 days 00:00:31.693000,0 days 00:00:40.367000,0 days 00:00:28.155000,283.0,242.0,227.0,293.0,INTERMEDIATE,2.0,True,True,1,,,100.215,31.693,40.367,28.155
SAR,2,Williams,3,0 days 00:02:06.748000,1.0,,,0 days 00:00:31.829000,0 days 00:00:56.903000,0 days 00:00:38.016000,285.0,155.0,225.0,188.0,INTERMEDIATE,3.0,True,True,1,,,126.748,31.829,56.903,38.016
SAR,2,Williams,4,0 days 00:01:39.866000,1.0,,,0 days 00:00:31.579000,0 days 00:00:40.412000,0 days 00:00:27.875000,292.0,241.0,221.0,301.0,INTERMEDIATE,4.0,True,True,1,,,99.866,31.579,40.412,27.875
SAR,2,Williams,5,0 days 00:02:07.676000,1.0,,0 days 00:22:04.827000,0 days 00:00:41.551000,0 days 00:00:55.789000,0 days 00:00:30.336000,261.0,208.0,,245.0,INTERMEDIATE,5.0,True,False,1,,,127.676,41.551,55.789,30.336
SAR,2,Williams,6,,2.0,0 days 00:22:37.235000,0 days 00:24:33.888000,0 days 00:00:59.773000,,,286.0,,,,SOFT,1.0,True,False,125,,,,59.773,,
SAR,2,Williams,7,,3.0,0 days 00:33:46.348000,,,0 days 00:00:48.413000,0 days 00:00:32.593000,276.0,243.0,214.0,275.0,SOFT,1.0,True,False,1,,,,,48.413,32.593
SAR,2,Williams,8,0 days 00:01:45.131000,3.0,,,0 days 00:00:30.146000,0 days 00:00:44.065000,0 days 00:00:30.920000,285.0,241.0,226.0,300.0,SOFT,2.0,True,True,1,,,105.131,30.146,44.065,30.92
SAR,2,Williams,9,0 days 00:01:31.608000,3.0,,,0 days 00:00:29.300000,0 days 00:00:36.866000,0 days 00:00:25.442000,286.0,256.0,241.0,296.0,SOFT,3.0,True,True,1,,,91.608,29.3,36.866,25.442
SAR,2,Williams,10,0 days 00:01:41.001000,3.0,,0 days 00:40:39.548000,0 days 00:00:28.870000,0 days 00:00:41.789000,0 days 00:00:30.342000,290.0,219.0,,274.0,SOFT,4.0,True,False,1,,,101.001,28.87,41.789,30.342
SAR,2,Williams,11,,4.0,0 days 00:46:59.797000,,,0 days 00:00:43.704000,0 days 00:00:28.649000,285.0,244.0,241.0,301.0,SOFT,1.0,True,False,1,,,,,43.704,28.649
SAR,2,Williams,12,0 days 00:01:29.431000,4.0,,,0 days 00:00:28.507000,0 days 00:00:36.225000,0 days 00:00:24.699000,302.0,261.0,250.0,315.0,SOFT,2.0,True,True,1,,,89.431,28.507,36.225,24.699
SAR,2,Williams,13,0 days 00:01:56.444000,4.0,,,0 days 00:00:35.033000,0 days 00:00:47.650000,0 days 00:00:33.761000,267.0,234.0,250.0,119.0,SOFT,3.0,True,True,1,,,116.444,35.033,47.65,33.761
SAR,2,Williams,14,0 days 00:01:27.962000,4.0,,,0 days 00:00:28.325000,0 days 00:00:35.587000,0 days 00:00:24.050000,314.0,262.0,251.0,323.0,SOFT,4.0,True,True,1,,,87.962,28.325,35.587,24.05
SAR,2,Williams,15,0 days 00:01:36.444000,4.0,,0 days 00:55:13.210000,0 days 00:00:30.482000,0 days 00:00:39.272000,0 days 00:00:26.690000,268.0,244.0,,287.0,SOFT,5.0,True,False,1,,,96.444,30.482,39.272,26.69
SAR,2,Williams,16,0 days 00:02:24.552000,5.0,0 days 00:55:59.542000,,0 days 00:01:12.414000,0 days 00:00:44.339000,0 days 00:00:27.799000,290.0,237.0,253.0,281.0,SOFT,2.0,False,False,1,,,144.552,72.414,44.339,27.799
SAR,2,Williams,17,0 days 00:01:27.175000,5.0,,,0 days 00:00:28.251000,0 days 00:00:35.129000,0 days 00:00:23.795000,311.0,263.0,251.0,322.0,SOFT,3.0,False,True,1,,,87.175,28.251,35.129,23.795
SAR,2,Williams,18,0 days 00:01:58.894000,5.0,,,0 days 00:00:34.505000,0 days 00:00:48.135000,0 days 00:00:36.254000,229.0,149.0,252.0,259.0,SOFT,4.0,False,True,1,,,118.894,34.505,48.135,36.254
SAR,2,Williams,19,0 days 00:01:28.086000,5.0,,,0 days 00:00:28.654000,0 days 00:00:35.477000,0 days 00:00:23.955000,313.0,263.0,251.0,322.0,SOFT,5.0,False,True,1,,,88.086,28.654,35.477,23.955
SAR,2,Williams,20,0 days 00:01:51.140000,5.0,,0 days 01:04:22.474000,0 days 00:00:35.082000,0 days 00:00:45.272000,0 days 00:00:30.786000,235.0,229.0,,266.0,SOFT,6.0,False,False,1,,,111.14,35.082,45.272,30.786
TSU,22,RB,1,,1.0,0 days 00:14:17.734000,,,0 days 00:00:43.318000,0 days 00:00:40.658000,273.0,233.0,215.0,253.0,INTERMEDIATE,1.0,True,False,1,,,,,43.318,40.658
TSU,22,RB,2,0 days 00:01:38.613000,1.0,,,0 days 00:00:31.532000,0 days 00:00:39.672000,0 days 00:00:27.409000,292.0,245.0,232.0,297.0,INTERMEDIATE,2.0,True,True,1,,,98.613,31.532,39.672,27.409
TSU,22,RB,3,0 days 00:02:05.637000,1.0,,,0 days 00:00:41.130000,0 days 00:00:49.627000,0 days 00:00:34.880000,223.0,231.0,228.0,275.0,INTERMEDIATE,3.0,True,True,1,,,125.637,41.13,49.627,34.88
TSU,22,RB,4,0 days 00:01:38.737000,1.0,,0 days 00:21:37.838000,0 days 00:00:30.964000,0 days 00:00:40.207000,0 days 00:00:27.566000,292.0,246.0,,296.0,INTERMEDIATE,4.0,True,False,1,,,98.737,30.964,40.207,27.566
TSU,22,RB,5,,2.0,0 days 00:22:12.317000,0 days 00:24:06.444000,0 days 00:00:59.877000,,,277.0,,,,SOFT,1.0,True,False,125,,,,59.877,,
TSU,22,RB,6,,3.0,0 days 00:33:52.092000,,,0 days 00:00:41.752000,0 days 00:00:38.947000,277.0,239.0,200.0,103.0,SOFT,1.0,True,False,1,,,,,41.752,38.947
TSU,22,RB,7,0 days 00:01:42.586000,3.0,,,0 days 00:00:29.817000,0 days 00:00:41.872000,0 days 00:00:30.897000,296.0,245.0,233.0,301.0,SOFT,2.0,True,True,1,,,102.586,29.817,41.872,30.897
TSU,22,RB,8,0 days 00:01:33.213000,3.0,,,0 days 00:00:29.381000,0 days 00:00:37.819000,0 days 00:00:26.013000,294.0,255.0,244.0,300.0,SOFT,3.0,True,True,1,,,93.213,29.381,37.819,26.013
TSU,22,RB,9,0 days 00:01:30.994000,3.0,,,0 days 00:00:28.754000,0 days 00:00:36.798000,0 days 00:00:25.442000,295.0,260.0,244.0,303.0,SOFT,4.0,True,True,1,,,90.994,28.754,36.798,25.442
TSU,22,RB,10,0 days 00:01:43.567000,3.0,,0 days 00:42:09.964000,0 days 00:00:33.970000,0 days 00:00:41.297000,0 days 00:00:28.300000,266.0,242.0,,275.0,SOFT,5.0,True,False,1,,,103.567,33.97,41.297,28.3
TSU,22,RB,11,,4.0,0 days 00:47:44.499000,,,0 days 00:00:39.860000,0 days 00:00:27.473000,282.0,248.0,249.0,285.0,SOFT,1.0,True,False,1,,,,,39.86,27.473
TSU,22,RB,12,0 days 00:01:28.840000,4.0,,,0 days 00:00:28.268000,0 days 00:00:36.128000,0 days 00:00:24.444000,314.0,264.0,249.0,322.0,SOFT,2.0,True,True,1,,,88.84,28.268,36.128,24.444
TSU,22,RB,13,0 days 00:01:28.341000,4.0,,,0 days 00:00:28.290000,0 days 00:00:35.829000,0 days 00:00:24.222000,315.0,264.0,251.0,325.0,SOFT,3.0,True,True,1,,,88.341,28.29,35.829,24.222
TSU,22,RB,14,0 days 00:01:36.980000,4.0,,0 days 00:53:58.394000,0 days 00:00:28.483000,0 days 00:00:39.595000,0 days 00:00:28.902000,305.0,193.0,,280.0,SOFT,4.0,True,False,1,,,96.98,28.483,39.595,28.902
TSU,22,RB,15,,5.0,0 days 00:59:01.500000,,,0 days 00:00:39.594000,0 days 00:00:28.965000,279.0,230.0,254.0,290.0,SOFT,1.0,True,False,1,,,,,39.594,28.965
TSU,22,RB,16,0 days 00:01:27.269000,5.0,,,0 days 00:00:28.115000,0 days 00:00:35.163000,0 days 00:00:23.991000,314.0,265.0,252.0,323.0,SOFT,2.0,True,True,1,,,87.269,28.115,35.163,23.991
TSU,22,RB,17,0 days 00:01:54.241000,5.0,,0 days 01:04:07.694000,0 days 00:00:35.412000,0 days 00:00:47.368000,0 days 00:00:31.461000,215.0,204.0,,229.0,SOFT,3.0,True,False,1,,,114.241,35.412,47.368,31.461
ZHO,24,Kick Sauber,1,,1.0,0 days 00:12:57.513000,,,0 days 00:00:46.304000,0 days 00:00:30.180000,251.0,227.0,227.0,274.0,INTERMEDIATE,1.0,True,False,1,,,,,46.304,30.18
ZHO,24,Kick Sauber,2,0 days 00:01:39.368000,1.0,,,0 days 00:00:31.340000,0 days 00:00:40.387000,0 days 00:00:27.641000,290.0,240.0,235.0,294.0,INTERMEDIATE,2.0,True,True,1,,,99.368,31.34,40.387,27.641
ZHO,24,Kick Sauber,3,0 days 00:02:14.138000,1.0,,,0 days 00:00:43.377000,0 days 00:00:57.941000,0 days 00:00:32.820000,203.0,200.0,233.0,269.0,INTERMEDIATE,3.0,True,True,1,,,134.138,43.377,57.941,32.82
ZHO,24,Kick Sauber,4,0 days 00:01:38.838000,1.0,,,0 days 00:00:31.061000,0 days 00:00:40.009000,0 days 00:00:27.768000,290.0,242.0,227.0,295.0,INTERMEDIATE,4.0,True,True,1,,,98.838,31.061,40.009,27.768
ZHO,24,Kick Sauber,5,0 days 00:01:56.874000,1.0,,0 days 00:22:13.882000,0 days 00:00:38.359000,0 days 00:00:46.240000,0 days 00:00:32.275000,265.0,218.0,,227.0,INTERMEDIATE,5.0,True,False,1,,,116.874,38.359,46.24,32.275
ZHO,24,Kick Sauber,6,,2.0,0 days 00:23:01.070000,0 days 00:25:08.436000,,,,,,,,SOFT,1.0,True,False,125,,,,,,
ZHO,24,Kick Sauber,7,,3.0,0 days 00:31:54.117000,,,0 days 00:00:42.177000,0 days 00:00:28.823000,275.0,233.0,230.0,277.0,SOFT,1.0,True,False,1,,,,,42.177,28.823
ZHO,24,Kick Sauber,8,0 days 00:01:32.999000,3.0,,,0 days 00:00:29.534000,0 days 00:00:37.456000,0 days 00:00:26.009000,290.0,254.0,226.0,295.0,SOFT,2.0,True,True,1,,,92.999,29.534,37.456,26.009
ZHO,24,Kick Sauber,9,0 days 00:01:44.377000,3.0,,,0 days 00:00:29.367000,0 days 00:00:45.056000,0 days 00:00:29.954000,,221.0,201.0,281.0,SOFT,3.0,True,True,1,,,104.377,29.367,45.056,29.954
ZHO,24,Kick Sauber,10,0 days 00:01:47.217000,3.0,,,0 days 00:00:33.274000,0 days 00:00:43.258000,0 days 00:00:30.685000,265.0,190.0,234.0,270.0,SOFT,4.0,True,True,1,,,107.217,33.274,43.258,30.685
ZHO,24,Kick Sauber,11,0 days 00:01:31.190000,3.0,,,0 days 00:00:29.035000,0 days 00:00:36.652000,0 days 00:00:25.503000,290.0,258.0,238.0,297.0,SOFT,5.0,True,True,1,,,91.19,29.035,36.652,25.503
ZHO,24,Kick Sauber,12,0 days 00:01:48.486000,3.0,,0 days 00:41:56.564000,0 days 00:00:32.929000,0 days 00:00:44.997000,0 days 00:00:30.560000,233.0,226.0,,276.0,SOFT,6.0,True,False,1,,,108.486,32.929,44.997,30.56
ZHO,24,Kick Sauber,13,,4.0,0 days 00:47:04.436000,,,0 days 00:00:42.841000,0 days 00:00:30.389000,273.0,219.0,245.0,289.0,SOFT,1.0,True,False,1,,,,,42.841,30.389
ZHO,24,Kick Sauber,14,0 days 00:01:29.010000,4.0,,,0 days 00:00:28.326000,0 days 00:00:36.074000,0 days 00:00:24.610000,312.0,262.0,250.0,319.0,SOFT,2.0,True,True,1,,,89.01,28.326,36.074,24.61
ZHO,24,Kick Sauber,15,0 days 00:01:56.131000,4.0,,,0 days 00:00:39.226000,0 days 00:00:45.246000,0 days 00:00:31.659000,262.0,236.0,250.0,201.0,SOFT,3.0,True,True,1,,,116.131,39.226,45.246,31.659
ZHO,24,Kick Sauber,16,0 days 00:01:28.431000,4.0,,,0 days 00:00:28.310000,0 days 00:00:35.818000,0 days 00:00:24.303000,313.0,261.0,251.0,320.0,SOFT,4.0,True,True,1,,,88.431,28.31,35.818,24.303
ZHO,24,Kick Sauber,17,0 days 00:01:39.057000,4.0,,0 days 00:55:20.658000,0 days 00:00:30.846000,0 days 00:00:41.014000,0 days 00:00:27.197000,285.0,234.0,,291.0,SOFT,5.0,True,False,1,,,99.057,30.846,41.014,27.197
ZHO,24,Kick Sauber,18,,5.0,0 days 00:56:15.635000,,0 days 00:01:20.499000,0 days 00:00:43.381000,0 days 00:00:30.319000,290.0,220.0,251.0,290.0,SOFT,1.0,True,False,1,,,,80.499,43.381,30.319
ZHO,24,Kick Sauber,19,0 days 00:01:27.867000,5.0,,,0 days 00:00:28.252000,0 days 00:00:35.594000,0 days 00:00:24.021000,309.0,263.0,251.0,320.0,SOFT,2.0,True,True,1,,,87.867,28.252,35.594,24.021
ZHO,24,Kick Sauber,20,0 days 00:02:09.875000,5.0,,,0 days 00:00:40.830000,0 days 00:00:47.225000,0 days 00:00:41.820000,225.0,231.0,251.0,209.0,SOFT,3.0,True,True,1,,,129.875,40.83,47.225,41.82
ZHO,24,Kick Sauber,21,0 days 00:01:27.921000,5.0,,,0 days 00:00:28.412000,0 days 00:00:35.502000,0 days 00:00:24.007000,312.0,262.0,252.0,319.0,SOFT,4.0,True,True,1,,,87.921,28.412,35.502,24.007
ZHO,24,Kick Sauber,22,0 days 00:01:55.545000,5.0,,0 days 01:04:55.800000,0 days 00:00:33.691000,0 days 00:00:49.347000,0 days 00:00:32.507000,275.0,203.0,,273.0,SOFT,5.0,True,False,1,,,115.545,33.691,49.347,32.507
RIC,3,RB,1,,1.0,0 days 00:13:58.922000,,,0 days 00:00:46.183000,0 days 00:00:37.322000,272.0,212.0,213.0,269.0,INTERMEDIATE,1.0,True,False,1,,,,,46.183,37.322
RIC,3,RB,2,0 days 00:01:40.599000,1.0,,,0 days 00:00:31.605000,0 days 00:00:40.976000,0 days 00:00:28.018000,287.0,243.0,225.0,295.0,INTERMEDIATE,2.0,True,True,1,,,100.599,31.605,40.976,28.018
RIC,3,RB,3,0 days 00:02:04.316000,1.0,,,0 days 00:00:35.957000,0 days 00:00:55.390000,0 days 00:00:32.969000,212.0,186.0,226.0,258.0,INTERMEDIATE,3.0,True,True,1,,,124.316,35.957,55.39,32.969
RIC,3,RB,4,0 days 00:01:47.005000,1.0,,0 days 00:21:31.042000,0 days 00:00:31.276000,0 days 00:00:42.813000,0 days 00:00:32.916000,291.0,222.0,,258.0,INTERMEDIATE,4.0,True,False,1,,,107.005,31.276,42.813,32.916
RIC,3,RB,5,,2.0,0 days 00:22:04.332000,0 days 00:24:12.052000,0 days 00:01:05.194000,,,279.0,,,,SOFT,1.0,True,False,125,,,,65.194,,
RIC,3,RB,6,,3.0,0 days 00:33:21.835000,,,0 days 00:00:41.860000,0 days 00:00:27.307000,239.0,252.0,235.0,300.0,SOFT,1.0,True,False,1,,,,,41.86,27.307
RIC,3,RB,7,0 days 00:01:36.233000,3.0,,,0 days 00:00:29.447000,0 days 00:00:40.780000,0 days 00:00:26.006000,289.0,254.0,241.0,301.0,SOFT,2.0,True,True,1,,,96.233,29.447,40.78,26.006
RIC,3,RB,8,0 days 00:01:35.045000,3.0,,,0 days 00:00:30.108000,0 days 00:00:39.099000,0 days 00:00:25.838000,294.0,255.0,242.0,299.0,SOFT,3.0,True,True,1,,,95.045,30.108,39.099,25.838
RIC,3,RB,9,0 days 00:01:31.291000,3.0,,,0 days 00:00:29.133000,0 days 00:00:37.045000,0 days 00:00:25.113000,,260.0,248.0,302.0,SOFT,4.0,True,True,1,,,91.291,29.133,37.045,25.113
RIC,3,RB,10,0 days 00:01:48.314000,3.0,,0 days 00:41:33.958000,0 days 00:00:35.831000,0 days 00:00:43.789000,0 days 00:00:28.694000,259.0,232.0,,268.0,SOFT,5.0,True,False,1,,,108.314,35.831,43.789,28.694
RIC,3,RB,11,,4.0,0 days 00:48:51.457000,,,0 days 00:00:42.392000,0 days 00:00:32.153000,294.0,245.0,245.0,140.0,SOFT,1.0,True,False,1,,,,,42.392,32.153
RIC,3,RB,12,0 days 00:01:29.015000,4.0,,,0 days 00:00:28.491000,0 days 00:00:36.111000,0 days 00:00:24.413000,313.0,265.0,250.0,323.0,SOFT,2.0,True,True,1,,,89.015,28.491,36.111,24.413
RIC,3,RB,13,0 days 00:01:28.596000,4.0,,,0 days 00:00:28.338000,0 days 00:00:35.969000,0 days 00:00:24.289000,314.0,265.0,249.0,323.0,SOFT,3.0,True,True,1,,,88.596,28.338,35.969,24.289
RIC,3,RB,14,0 days 00:01:38.484000,4.0,,0 days 00:55:10.797000,0 days 00:00:31.758000,0 days 00:00:39.522000,0 days 00:00:27.204000,290.0,247.0,,295.0,SOFT,4.0,True,False,1,,,98.484,31.758,39.522,27.204
RIC,3,RB,15,,5.0,0 days 00:57:58.017000,,,0 days 00:00:44.395000,0 days 00:00:31.437000,295.0,228.0,210.0,200.0,SOFT,2.0,False,False,1,,,,,44.395,31.437
RIC,3,RB,16,0 days 00:01:53.054000,5.0,,,0 days 00:00:33.701000,0 days 00:00:42.198000,0 days 00:00:37.155000,300.0,241.0,240.0,229.0,SOFT,3.0,False,True,1,,,113.054,33.701,42.198,37.155
RIC,3,RB,17,0 days 00:01:27.949000,5.0,,,0 days 00:00:28.418000,0 days 00:00:35.594000,0 days 00:00:23.937000,315.0,264.0,251.0,324.0,SOFT,4.0,False,True,1,,,87.949,28.418,35.594,23.937
RIC,3,RB,18,0 days 00:01:56.321000,5.0,,0 days 01:04:58.920000,0 days 00:00:37.602000,0 days 00:00:45.006000,0 days 00:00:33.713000,261.0,204.0,,288.0,SOFT,5.0,False,False,1,,,116.321,37.602,45.006,33.713
BOT,77,Kick Sauber,1,,1.0,0 days 00:12:53.052000,,,0 days 00:00:45.701000,0 days 00:00:29.979000,264.0,224.0,230.0,274.0,INTERMEDIATE,1.0,True,False,1,,,,,45.701,29.979
BOT,77,Kick Sauber,2,0 days 00:01:39.718000,1.0,,,0 days 00:00:31.424000,0 days 00:00:40.681000,0 days 00:00:27.613000,291.0,240.0,232.0,297.0,INTERMEDIATE,2.0,True,True,1,,,99.718,31.424,40.681,27.613
BOT,77,Kick Sauber,3,0 days 00:02:04.999000,1.0,,,0 days 00:00:38.252000,0 days 00:00:51.374000,0 days 00:00:35.373000,230.0,224.0,236.0,273.0,INTERMEDIATE,3.0,True,True,1,,,124.999,38.252,51.374,35.373
BOT,77,Kick Sauber,4,0 days 00:01:42.318000,1.0,,0 days 00:20:03.322000,0 days 00:00:31.245000,0 days 00:00:41.104000,0 days 00:00:29.969000,291.0,239.0,,283.0,INTERMEDIATE,4.0,True,False,1,,,102.318,31.245,41.104,29.969
BOT,77,Kick Sauber,5,,2.0,0 days 00:21:02.148000,,0 days 00:01:23.211000,0 days 00:00:44.495000,0 days 00:00:30.485000,267.0,226.0,204.0,276.0,SOFT,1.0,True,False,1,,,,83.211,44.495,30.485
BOT,77,Kick Sauber,6,,2.0,,0 days 00:24:46.536000,,,,,,,,SOFT,2.0,True,False,125,,,,,,
BOT,77,Kick Sauber,7,,3.0,0 days 00:31:50.308000,,,0 days 00:00:41.913000,0 days 00:00:27.540000,275.0,236.0,237.0,273.0,SOFT,1.0,True,False,1,,,,,41.913,27.54
BOT,77,Kick Sauber,8,0 days 00:01:32.431000,3.0,,,0 days 00:00:29.149000,0 days 00:00:37.552000,0 days 00:00:25.730000,290.0,256.0,248.0,294.0,SOFT,2.0,True,True,1,,,92.431,29.149,37.552,25.73
BOT,77,Kick Sauber,9,0 days 00:01:39.799000,3.0,,,0 days 00:00:29.205000,0 days 00:00:42.182000,0 days 00:00:28.412000,291.0,225.0,230.0,274.0,SOFT,3.0,True,True,1,,,99.799,29.205,42.182,28.412
BOT,77,Kick Sauber,10,0 days 00:01:50.296000,3.0,,,0 days 00:00:30.573000,0 days 00:00:49.082000,0 days 00:00:30.641000,281.0,223.0,225.0,275.0,SOFT,4.0,True,True,1,,,110.296,30.573,49.082,30.641
BOT,77,Kick Sauber,11,0 days 00:01:36.275000,3.0,,0 days 00:40:03.331000,0 days 00:00:30.030000,0 days 00:00:38.003000,0 days 00:00:28.242000,291.0,254.0,,283.0,SOFT,5.0,True,False,1,,,96.275,30.03,38.003,28.242
MAG,20,Haas F1 Team,1,,1.0,0 days 00:18:30.029000,,,0 days 00:00:45.208000,0 days 00:00:39.826000,268.0,206.0,222.0,257.0,INTERMEDIATE,1.0,True,False,1,,,,,45.208,39.826
MAG,20,Haas F1 Team,2,0 days 00:01:37.805000,1.0,,,0 days 00:00:30.918000,0 days 00:00:39.562000,0 days 00:00:27.325000,285.0,245.0,231.0,289.0,INTERMEDIATE,2.0,True,True,1,,,97.805,30.918,39.562,27.325
MAG,20,Haas F1 Team,3,,1.0,,0 days 00:23:50.776000,0 days 00:00:31.719000,,,283.0,,,,INTERMEDIATE,3.0,True,False,125,,,,31.719,,
MAG,20,Haas F1 Team,4,,2.0,0 days 00:31:56.208000,,,0 days 00:00:42.682000,0 days 00:00:32.717000,274.0,233.0,224.0,275.0,SOFT,1.0,True,False,1,,,,,42.682,32.717
MAG,20,Haas F1 Team,5,0 days 00:01:32.905000,2.0,,,0 days 00:00:29.587000,0 days 00:00:37.446000,0 days 00:00:25.872000,294.0,257.0,229.0,293.0,SOFT,2.0,True,True,1,,,92.905,29.587,37.446,25.872
MAG,20,Haas F1 Team,6,0 days 00:02:01.708000,2.0,,0 days 00:37:12.385000,0 days 00:00:29.356000,0 days 00:00:59.634000,0 days 00:00:32.718000,296.0,183.0,,167.0,SOFT,3.0,True,False,1,,,121.708,29.356,59.634,32.718
OCO,31,Alpine,1,,1.0,0 days 00:13:01.865000,,,0 days 00:00:45.990000,0 days 00:00:31.466000,255.0,220.0,227.0,266.0,INTERMEDIATE,1.0,True,False,1,,,,,45.99,31.466
OCO,31,Alpine,2,0 days 00:01:39.078000,1.0,,,0 days 00:00:31.351000,0 days 00:00:40.189000,0 days 00:00:27.538000,287.0,243.0,231.0,292.0,INTERMEDIATE,2.0,True,True,1,,,99.078,31.351,40.189,27.538
OCO,31,Alpine,3,0 days 00:01:57.222000,1.0,,,0 days 00:00:38.187000,0 days 00:00:48.457000,0 days 00:00:30.578000,255.0,221.0,227.0,270.0,INTERMEDIATE,3.0,True,True,1,,,117.222,38.187,48.457,30.578
OCO,31,Alpine,4,0 days 00:01:39.910000,1.0,,,0 days 00:00:31.337000,0 days 00:00:40.453000,0 days 00:00:28.120000,288.0,239.0,225.0,292.0,INTERMEDIATE,4.0,True,True,1,,,99.91,31.337,40.453,28.12
OCO,31,Alpine,5,0 days 00:01:58.047000,1.0,,0 days 00:22:08.024000,0 days 00:00:36.887000,0 days 00:00:47.799000,0 days 00:00:33.361000,261.0,221.0,,238.0,INTERMEDIATE,5.0,True,False,1,,,118.047,36.887,47.799,33.361
OCO,31,Alpine,6,,2.0,0 days 00:22:41.157000,0 days 00:24:41.200000,0 days 00:00:59.588000,,,270.0,,,,SOFT,1.0,True,False,125,,,,59.588,,
OCO,31,Alpine,7,,3.0,0 days 00:32:44.252000,,,0 days 00:00:41.751000,0 days 00:00:28.494000,266.0,232.0,221.0,282.0,SOFT,1.0,True,False,1,,,,,41.751,28.494
OCO,31,Alpine,8,0 days 00:01:36.414000,3.0,,,0 days 00:00:29.752000,0 days 00:00:38.313000,0 days 00:00:28.349000,275.0,254.0,236.0,276.0,SOFT,2.0,True,True,1,,,96.414,29.752,38.313,28.349
OCO,31,Alpine,9,0 days 00:01:34.557000,3.0,,,0 days 00:00:30.569000,0 days 00:00:38.201000,0 days 00:00:25.787000,287.0,253.0,244.0,295.0,SOFT,3.0,True,True,1,,,94.557,30.569,38.201,25.787
OCO,31,Alpine,10,0 days 00:01:36.198000,3.0,,,0 days 00:00:30.668000,0 days 00:00:39.781000,0 days 00:00:25.749000,262.0,234.0,237.0,291.0,SOFT,4.0,True,True,1,,,96.198,30.668,39.781,25.749
OCO,31,Alpine,11,0 days 00:01:45.923000,3.0,,0 days 00:40:56.941000,0 days 00:00:30.081000,0 days 00:00:46.596000,0 days 00:00:29.246000,,232.0,,263.0,SOFT,5.0,True,False,1,,,105.923,30.081,46.596,29.246
PER,11,Red Bull Racing,1,,1.0,0 days 00:14:09.743000,,,0 days 00:00:45.638000,0 days 00:00:39.824000,261.0,198.0,228.0,235.0,INTERMEDIATE,1.0,True,False,1,,,,,45.638,39.824
PER,11,Red Bull Racing,2,0 days 00:01:38.348000,1.0,,,0 days 00:00:31.119000,0 days 00:00:39.482000,0 days 00:00:27.747000,294.0,246.0,222.0,297.0,INTERMEDIATE,2.0,True,True,1,,,98.348,31.119,39.482,27.747
PER,11,Red Bull Racing,3,0 days 00:02:06.177000,1.0,,,0 days 00:00:38.657000,0 days 00:00:54.032000,0 days 00:00:33.488000,204.0,185.0,222.0,258.0,INTERMEDIATE,3.0,True,True,1,,,126.177,38.657,54.032,33.488
PER,11,Red Bull Racing,4,0 days 00:01:40.541000,1.0,,0 days 00:21:29.670000,0 days 00:00:31.109000,0 days 00:00:39.336000,0 days 00:00:30.096000,292.0,245.0,,299.0,INTERMEDIATE,4.0,True,False,1,,,100.541,31.109,39.336,30.096
PER,11,Red Bull Racing,5,,2.0,0 days 00:22:05.164000,0 days 00:29:24.568000,0 days 00:01:02.666000,0 days 00:00:39.336000,,160.0,,,299.0,SOFT,1.0,True,False,125,,,,62.666,39.336,
GAS,10,Alpine,1,,1.0,0 days 00:13:46.180000,,,0 days 00:00:44.796000,0 days 00:00:37.400000,276.0,222.0,230.0,268.0,INTERMEDIATE,1.0,True,False,1,,,,,44.796,37.4
GAS,10,Alpine,2,0 days 00:01:39.804000,1.0,,,0 days 00:00:31.617000,0 days 00:00:40.506000,0 days 00:00:27.681000,284.0,241.0,229.0,292.0,INTERMEDIATE,2.0,True,True,1,,,99.804,31.617,40.506,27.681
GAS,10,Alpine,3,0 days 00:02:10.632000,1.0,,,0 days 00:00:40.313000,0 days 00:00:56.259000,0 days 00:00:34.060000,193.0,218.0,228.0,267.0,INTERMEDIATE,3.0,True,True,1,,,130.632,40.313,56.259,34.06
GAS,10,Alpine,4,0 days 00:01:40.529000,1.0,,,0 days 00:00:31.454000,0 days 00:00:41.095000,0 days 00:00:27.980000,288.0,239.0,228.0,292.0,INTERMEDIATE,4.0,True,True,1,,,100.529,31.454,41.095,27.98
GAS,10,Alpine,5,0 days 00:01:53.702000,1.0,,0 days 00:23:03.706000,0 days 00:00:38.031000,0 days 00:00:46.440000,0 days 00:00:29.231000,257.0,223.0,,268.0,INTERMEDIATE,5.0,True,False,12,,,113.702,38.031,46.44,29.231
GAS,10,Alpine,6,,2.0,0 days 00:33:35.261000,,,0 days 00:00:47.254000,0 days 00:00:33.793000,226.0,217.0,223.0,266.0,SOFT,1.0,True,False,1,,,,,47.254,33.793
GAS,10,Alpine,7,0 days 00:01:48.302000,2.0,,0 days 00:37:16.597000,0 days 00:00:30.327000,0 days 00:00:45.321000,0 days 00:00:32.654000,287.0,220.0,,292.0,SOFT,2.0,True,False,1,,,108.302,30.327,45.321,32.654
