Driver,DriverNumber,Team,LapNumber,LapTime,LapTimeSeconds,Sector1Time,Sector2Time,Sector3Time,Compound,TyreLife,Stint,PitOutTime,PitInTime,Position,IsPersonalBest,TrackStatus
VET,5,Ferrari,1.0,0 days 00:02:29.572000,149.572,,0 days 00:01:09.227000,0 days 00:00:46.208000,nan,,,,0 days 00:21:00.165000,1.0,False,124
HAM,44,Mercedes,1.0,0 days 00:02:31.397000,151.397,,0 days 00:01:11.064000,0 days 00:00:46.124000,nan,,,,0 days 00:21:01.945000,2.0,False,124
PER,11,Racing Point,1.0,0 days 00:02:32.527000,152.527,,0 days 00:01:13.003000,0 days 00:00:45.275000,nan,,,,0 days 00:21:02.944000,3.0,False,124
OCO,31,Racing Point,1.0,0 days 00:02:33.245000,153.245,,0 days 00:01:13.719000,0 days 00:00:45.366000,nan,,,,0 days 00:21:03.850000,4.0,False,124
VER,33,Red Bull Racing,1.0,0 days 00:02:34.928000,154.928,,0 days 00:01:14.197000,0 days 00:00:46.029000,nan,,,,0 days 00:21:05.134000,5.0,False,124
GRO,8,Haas F1 Team,1.0,0 days 00:02:36.224000,156.224,,0 days 00:01:15.900000,0 days 00:00:45.619000,nan,,,,0 days 00:21:06.226000,6.0,False,124
MAG,20,Haas F1 Team,1.0,0 days 00:02:37.550000,157.55,,0 days 00:01:16.912000,0 days 00:00:45.534000,nan,,,,0 days 00:21:07.835000,7.0,False,124
GAS,10,Toro Rosso,1.0,0 days 00:02:39.935000,159.935,,0 days 00:01:17.731000,0 days 00:00:46.429000,nan,,,,0 days 00:21:09.867000,8.0,False,124
ERI,9,Sauber,1.0,0 days 00:02:41.049000,161.049,,0 days 00:01:18.846000,0 days 00:00:45.940000,nan,,,,0 days 00:21:11.617000,9.0,False,124
SIR,35,Williams,1.0,0 days 00:02:42.542000,162.542,,0 days 00:01:19.198000,0 days 00:00:46.665000,nan,,,,0 days 00:21:12.992000,10.0,False,124
STR,18,Williams,1.0,0 days 00:02:43.592000,163.592,,0 days 00:01:19.392000,0 days 00:00:47.090000,nan,,,,0 days 00:21:14.008000,11.0,False,124
RIC,3,Red Bull Racing,1.0,0 days 00:02:44.752000,164.752,,0 days 00:01:20.784000,0 days 00:00:46.815000,nan,,,,0 days 00:21:15.463000,12.0,False,124
HAR,28,Toro Rosso,1.0,0 days 00:02:47.144000,167.144,,0 days 00:01:21.887000,0 days 00:00:47.932000,nan,,,,0 days 00:21:17.227000,13.0,False,124
SAI,55,Renault,1.0,0 days 00:02:48.471000,168.471,,0 days 00:01:23.022000,0 days 00:00:48.135000,nan,,,,0 days 00:21:18.602000,14.0,False,124
BOT,77,Mercedes,1.0,0 days 00:02:51.105000,171.105,,0 days 00:01:23.063000,0 days 00:00:49.256000,nan,,,,0 days 00:21:20.298000,15.0,False,124
VAN,2,McLaren,1.0,0 days 00:02:52.517000,172.517,,0 days 00:01:24.462000,0 days 00:00:48.845000,nan,,,,0 days 00:21:21.913000,16.0,False,124
RAI,7,Ferrari,1.0,0 days 00:03:27.671000,207.671,,,0 days 00:00:58.052000,nan,,,,0 days 00:21:58.335000,17.0,False,124
RAI,7,Ferrari,2.0,0 days 00:02:24.008000,144.008,0 days 00:00:56.975000,0 days 00:00:52.698000,0 days 00:00:34.335000,MEDIUM,1.0,1.0,0 days 00:22:24.560000,,15.0,False,4
RIC,3,Red Bull Racing,3.0,0 days 00:01:53.818000,113.818,0 days 00:00:31.425000,0 days 00:00:52.825000,0 days 00:00:29.568000,SOFT,2.0,1.0,,,17.0,True,1
RIC,3,Red Bull Racing,4.0,0 days 00:01:53.982000,113.982,0 days 00:00:31.358000,0 days 00:00:52.796000,0 days 00:00:29.828000,SOFT,3.0,1.0,,,17.0,False,1
VET,5,Ferrari,5.0,0 days 00:01:48.656000,108.656,0 days 00:00:31.560000,0 days 00:00:47.948000,0 days 00:00:29.148000,SUPERSOFT,7.0,1.0,,,1.0,True,1
HAM,44,Mercedes,5.0,0 days 00:01:49.718000,109.718,0 days 00:00:31.378000,0 days 00:00:48.890000,0 days 00:00:29.450000,SUPERSOFT,8.0,1.0,,,2.0,True,1
PER,11,Racing Point,5.0,0 days 00:01:51.257000,111.257,0 days 00:00:31.335000,0 days 00:00:50.473000,0 days 00:00:29.449000,SUPERSOFT,8.0,1.0,,,3.0,True,1
OCO,31,Racing Point,5.0,0 days 00:01:51.951000,111.951,0 days 00:00:31.252000,0 days 00:00:51.072000,0 days 00:00:29.627000,SUPERSOFT,8.0,1.0,,,4.0,True,1
VER,33,Red Bull Racing,5.0,0 days 00:01:52.189000,112.189,0 days 00:00:31.772000,0 days 00:00:50.661000,0 days 00:00:29.756000,SUPERSOFT,8.0,1.0,,,5.0,True,1
GRO,8,Haas F1 Team,5.0,0 days 00:01:53.036000,113.036,0 days 00:00:31.708000,0 days 00:00:51.312000,0 days 00:00:30.016000,SUPERSOFT,8.0,1.0,,,6.0,True,1
MAG,20,Haas F1 Team,5.0,0 days 00:01:53.366000,113.366,0 days 00:00:31.624000,0 days 00:00:51.681000,0 days 00:00:30.061000,SUPERSOFT,8.0,1.0,,,7.0,True,1
GAS,10,Toro Rosso,5.0,0 days 00:01:53.513000,113.513,0 days 00:00:32.046000,0 days 00:00:51.437000,0 days 00:00:30.030000,SUPERSOFT,5.0,1.0,,,8.0,True,1
SIR,35,Williams,5.0,0 days 00:01:53.109000,113.109,0 days 00:00:31.727000,0 days 00:00:51.297000,0 days 00:00:30.085000,SOFT,5.0,1.0,,,9.0,True,1
ERI,9,Sauber,5.0,0 days 00:01:53.960000,113.96,0 days 00:00:32.303000,0 days 00:00:51.635000,0 days 00:00:30.022000,SOFT,5.0,1.0,,,10.0,True,1
STR,18,Williams,5.0,0 days 00:01:54.092000,114.092,0 days 00:00:32.038000,0 days 00:00:52.023000,0 days 00:00:30.031000,SOFT,5.0,1.0,,,11.0,True,1
HAR,28,Toro Rosso,5.0,0 days 00:01:54.076000,114.076,0 days 00:00:31.774000,0 days 00:00:52.139000,0 days 00:00:30.163000,SOFT,5.0,1.0,,,12.0,True,1
SAI,55,Renault,5.0,0 days 00:01:54.514000,114.514,0 days 00:00:31.925000,0 days 00:00:52.696000,0 days 00:00:29.893000,MEDIUM,5.0,1.0,,,13.0,True,1
BOT,77,Mercedes,5.0,0 days 00:01:53.789000,113.789,0 days 00:00:30.956000,0 days 00:00:52.758000,0 days 00:00:30.075000,SUPERSOFT,3.0,2.0,,,14.0,True,1
RAI,7,Ferrari,5.0,0 days 00:01:55.376000,115.376,0 days 00:00:31.877000,0 days 00:00:52.962000,0 days 00:00:30.537000,MEDIUM,4.0,1.0,,,15.0,True,1
VAN,2,McLaren,5.0,0 days 00:01:56,116.0,0 days 00:00:32.358000,0 days 00:00:53.350000,0 days 00:00:30.292000,MEDIUM,3.0,2.0,,,16.0,True,1
RIC,3,Red Bull Racing,5.0,0 days 00:01:52.627000,112.627,0 days 00:00:31.814000,0 days 00:00:51.137000,0 days 00:00:29.676000,SOFT,4.0,1.0,,,17.0,True,1
VET,5,Ferrari,6.0,0 days 00:01:48.923000,108.923,0 days 00:00:31.706000,0 days 00:00:47.823000,0 days 00:00:29.394000,SUPERSOFT,8.0,1.0,,,1.0,False,1
HAM,44,Mercedes,6.0,0 days 00:01:49.497000,109.497,0 days 00:00:31.618000,0 days 00:00:48.523000,0 days 00:00:29.356000,SUPERSOFT,9.0,1.0,,,2.0,True,1
PER,11,Racing Point,6.0,0 days 00:01:51.088000,111.088,0 days 00:00:31.489000,0 days 00:00:49.978000,0 days 00:00:29.621000,SUPERSOFT,9.0,1.0,,,3.0,True,1
OCO,31,Racing Point,6.0,0 days 00:01:51.736000,111.736,0 days 00:00:31.778000,0 days 00:00:50.485000,0 days 00:00:29.473000,SUPERSOFT,9.0,1.0,,,4.0,True,1
VER,33,Red Bull Racing,6.0,0 days 00:01:51.619000,111.619,0 days 00:00:31.570000,0 days 00:00:50.519000,0 days 00:00:29.530000,SUPERSOFT,9.0,1.0,,,5.0,True,1
GRO,8,Haas F1 Team,6.0,0 days 00:01:52.184000,112.184,0 days 00:00:32.106000,0 days 00:00:50.330000,0 days 00:00:29.748000,SUPERSOFT,9.0,1.0,,,6.0,True,1
MAG,20,Haas F1 Team,6.0,0 days 00:01:52.386000,112.386,0 days 00:00:31.461000,0 days 00:00:51.126000,0 days 00:00:29.799000,SUPERSOFT,9.0,1.0,,,7.0,True,1
GAS,10,Toro Rosso,6.0,0 days 00:01:52.869000,112.869,0 days 00:00:31.868000,0 days 00:00:51.071000,0 days 00:00:29.930000,SUPERSOFT,6.0,1.0,,,8.0,True,1
SIR,35,Williams,6.0,0 days 00:01:53.601000,113.601,0 days 00:00:32.382000,0 days 00:00:51.302000,0 days 00:00:29.917000,SOFT,6.0,1.0,,,9.0,False,1
ERI,9,Sauber,6.0,0 days 00:01:53.691000,113.691,0 days 00:00:32.064000,0 days 00:00:51.796000,0 days 00:00:29.831000,SOFT,6.0,1.0,,,10.0,True,1
STR,18,Williams,6.0,0 days 00:01:53.723000,113.723,0 days 00:00:32.013000,0 days 00:00:51.875000,0 days 00:00:29.835000,SOFT,6.0,1.0,,,11.0,True,1
SAI,55,Renault,6.0,0 days 00:01:53.367000,113.367,0 days 00:00:31.295000,0 days 00:00:52.341000,0 days 00:00:29.731000,MEDIUM,6.0,1.0,,,12.0,True,1
HAR,28,Toro Rosso,6.0,0 days 00:01:55.067000,115.067,0 days 00:00:31.925000,0 days 00:00:52.827000,0 days 00:00:30.315000,SOFT,6.0,1.0,,,13.0,False,1
BOT,77,Mercedes,6.0,0 days 00:01:54.223000,114.223,0 days 00:00:31.109000,0 days 00:00:53.168000,0 days 00:00:29.946000,SUPERSOFT,4.0,2.0,,,14.0,False,1
RAI,7,Ferrari,6.0,0 days 00:01:54.320000,114.32,0 days 00:00:32.448000,0 days 00:00:52.039000,0 days 00:00:29.833000,MEDIUM,5.0,1.0,,,15.0,True,1
VAN,2,McLaren,6.0,0 days 00:01:54.695000,114.695,0 days 00:00:31.766000,0 days 00:00:52.734000,0 days 00:00:30.195000,MEDIUM,4.0,2.0,,,16.0,True,1
RIC,3,Red Bull Racing,6.0,0 days 00:01:53.142000,113.142,0 days 00:00:31.071000,0 days 00:00:52.171000,0 days 00:00:29.900000,SOFT,5.0,1.0,,,17.0,False,1
VET,5,Ferrari,7.0,0 days 00:01:48.695000,108.695,0 days 00:00:31.747000,0 days 00:00:47.660000,0 days 00:00:29.288000,SUPERSOFT,9.0,1.0,,,1.0,False,1
HAM,44,Mercedes,7.0,0 days 00:01:49.020000,109.02,0 days 00:00:31.592000,0 days 00:00:48.074000,0 days 00:00:29.354000,SUPERSOFT,10.0,1.0,,,2.0,True,1
PER,11,Racing Point,7.0,0 days 00:01:50.924000,110.924,0 days 00:00:31.660000,0 days 00:00:49.734000,0 days 00:00:29.530000,SUPERSOFT,10.0,1.0,,,3.0,True,1
VER,33,Red Bull Racing,7.0,0 days 00:01:50.140000,110.14,0 days 00:00:30.910000,0 days 00:00:49.753000,0 days 00:00:29.477000,SUPERSOFT,10.0,1.0,,,4.0,True,1
OCO,31,Racing Point,7.0,0 days 00:01:52.679000,112.679,0 days 00:00:31.411000,0 days 00:00:51.686000,0 days 00:00:29.582000,SUPERSOFT,10.0,1.0,,,5.0,False,1
GRO,8,Haas F1 Team,7.0,0 days 00:01:51.718000,111.718,0 days 00:00:31.879000,0 days 00:00:49.973000,0 days 00:00:29.866000,SUPERSOFT,10.0,1.0,,,6.0,True,1
MAG,20,Haas F1 Team,7.0,0 days 00:01:52.503000,112.503,0 days 00:00:31.701000,0 days 00:00:50.802000,0 days 00:00:30,SUPERSOFT,10.0,1.0,,,7.0,False,1
GAS,10,Toro Rosso,7.0,0 days 00:01:52.240000,112.24,0 days 00:00:31.873000,0 days 00:00:50.474000,0 days 00:00:29.893000,SUPERSOFT,7.0,1.0,,,8.0,True,1
ERI,9,Sauber,7.0,0 days 00:01:51.231000,111.231,0 days 00:00:31.623000,0 days 00:00:49.776000,0 days 00:00:29.832000,SOFT,7.0,1.0,,,9.0,True,1
SIR,35,Williams,7.0,0 days 00:01:53.385000,113.385,0 days 00:00:32.126000,0 days 00:00:51.378000,0 days 00:00:29.881000,SOFT,7.0,1.0,,,10.0,False,1
STR,18,Williams,7.0,0 days 00:01:52.748000,112.748,0 days 00:00:31.854000,0 days 00:00:51.071000,0 days 00:00:29.823000,SOFT,7.0,1.0,,,11.0,True,1
SAI,55,Renault,7.0,0 days 00:01:52.928000,112.928,0 days 00:00:31.618000,0 days 00:00:51.545000,0 days 00:00:29.765000,MEDIUM,7.0,1.0,,,12.0,True,1
BOT,77,Mercedes,7.0,0 days 00:01:52.287000,112.287,0 days 00:00:31.944000,0 days 00:00:50.593000,0 days 00:00:29.750000,SUPERSOFT,5.0,2.0,,,13.0,True,1
HAR,28,Toro Rosso,7.0,0 days 00:01:54.865000,114.865,0 days 00:00:32.287000,0 days 00:00:52.396000,0 days 00:00:30.182000,SOFT,7.0,1.0,,,14.0,False,1
VAN,2,McLaren,7.0,0 days 00:01:55.481000,115.481,0 days 00:00:31.753000,0 days 00:00:53.370000,0 days 00:00:30.358000,MEDIUM,5.0,2.0,,,15.0,False,1
RAI,7,Ferrari,7.0,0 days 00:02:02.327000,122.327,0 days 00:00:31.951000,0 days 00:00:53.810000,0 days 00:00:36.566000,MEDIUM,6.0,1.0,,0 days 00:35:51.921000,16.0,False,1
RIC,3,Red Bull Racing,7.0,0 days 00:01:52.540000,112.54,0 days 00:00:30.986000,0 days 00:00:51.832000,0 days 00:00:29.722000,SOFT,6.0,1.0,,,17.0,True,1
VET,5,Ferrari,8.0,0 days 00:01:48.646000,108.646,0 days 00:00:31.609000,0 days 00:00:47.746000,0 days 00:00:29.291000,SUPERSOFT,10.0,1.0,,,1.0,True,1
HAM,44,Mercedes,8.0,0 days 00:01:48.834000,108.834,0 days 00:00:31.520000,0 days 00:00:48.070000,0 days 00:00:29.244000,SUPERSOFT,11.0,1.0,,,2.0,True,1
PER,11,Racing Point,8.0,0 days 00:01:50.670000,110.67,0 days 00:00:31.666000,0 days 00:00:49.521000,0 days 00:00:29.483000,SUPERSOFT,11.0,1.0,,,3.0,True,1
VER,33,Red Bull Racing,8.0,0 days 00:01:49.993000,109.993,0 days 00:00:31.425000,0 days 00:00:49.112000,0 days 00:00:29.456000,SUPERSOFT,11.0,1.0,,,4.0,True,1
OCO,31,Racing Point,8.0,0 days 00:01:51.224000,111.224,0 days 00:00:31.621000,0 days 00:00:50.174000,0 days 00:00:29.429000,SUPERSOFT,11.0,1.0,,,5.0,True,1
GRO,8,Haas F1 Team,8.0,0 days 00:01:51.439000,111.439,0 days 00:00:31.824000,0 days 00:00:49.720000,0 days 00:00:29.895000,SUPERSOFT,11.0,1.0,,,6.0,True,1
MAG,20,Haas F1 Team,8.0,0 days 00:01:52.057000,112.057,0 days 00:00:31.852000,0 days 00:00:50.355000,0 days 00:00:29.850000,SUPERSOFT,11.0,1.0,,,7.0,True,1
GAS,10,Toro Rosso,8.0,0 days 00:01:52.186000,112.186,0 days 00:00:31.562000,0 days 00:00:50.864000,0 days 00:00:29.760000,SUPERSOFT,8.0,1.0,,,8.0,True,1
ERI,9,Sauber,8.0,0 days 00:01:52.196000,112.196,0 days 00:00:31.879000,0 days 00:00:50.559000,0 days 00:00:29.758000,SOFT,8.0,1.0,,,9.0,False,1
SIR,35,Williams,8.0,0 days 00:01:52.627000,112.627,0 days 00:00:32.056000,0 days 00:00:50.730000,0 days 00:00:29.841000,SOFT,8.0,1.0,,,10.0,True,1
STR,18,Williams,8.0,0 days 00:01:53.039000,113.039,0 days 00:00:31.388000,0 days 00:00:51.824000,0 days 00:00:29.827000,SOFT,8.0,1.0,,,11.0,False,1
SAI,55,Renault,8.0,0 days 00:01:53.182000,113.182,0 days 00:00:31.311000,0 days 00:00:52.135000,0 days 00:00:29.736000,MEDIUM,8.0,1.0,,,12.0,False,1
BOT,77,Mercedes,8.0,0 days 00:01:53.164000,113.164,0 days 00:00:31.258000,0 days 00:00:52.166000,0 days 00:00:29.740000,SUPERSOFT,6.0,2.0,,,13.0,False,1
HAR,28,Toro Rosso,8.0,0 days 00:01:52.764000,112.764,0 days 00:00:32.217000,0 days 00:00:50.534000,0 days 00:00:30.013000,SOFT,8.0,1.0,,,14.0,True,1
VAN,2,McLaren,8.0,0 days 00:01:53.370000,113.37,0 days 00:00:32.223000,0 days 00:00:50.846000,0 days 00:00:30.301000,MEDIUM,6.0,2.0,,,15.0,True,1
RIC,3,Red Bull Racing,8.0,0 days 00:01:51.204000,111.204,0 days 00:00:31.464000,0 days 00:00:50.165000,0 days 00:00:29.575000,SOFT,7.0,1.0,,,17.0,True,1
VET,5,Ferrari,9.0,0 days 00:01:49.046000,109.046,0 days 00:00:31.690000,0 days 00:00:47.915000,0 days 00:00:29.441000,SUPERSOFT,11.0,1.0,,,1.0,False,1
HAM,44,Mercedes,9.0,0 days 00:01:49.143000,109.143,0 days 00:00:31.723000,0 days 00:00:48.014000,0 days 00:00:29.406000,SUPERSOFT,12.0,1.0,,,2.0,False,1
PER,11,Racing Point,9.0,0 days 00:01:50.760000,110.76,0 days 00:00:31.655000,0 days 00:00:49.549000,0 days 00:00:29.556000,SUPERSOFT,12.0,1.0,,,3.0,False,1
VER,33,Red Bull Racing,9.0,0 days 00:01:50.445000,110.445,0 days 00:00:31.199000,0 days 00:00:49.688000,0 days 00:00:29.558000,SUPERSOFT,12.0,1.0,,,4.0,False,1
OCO,31,Racing Point,9.0,0 days 00:01:51.016000,111.016,0 days 00:00:31.653000,0 days 00:00:49.826000,0 days 00:00:29.537000,SUPERSOFT,12.0,1.0,,,5.0,True,1
GRO,8,Haas F1 Team,9.0,0 days 00:01:51.473000,111.473,0 days 00:00:31.946000,0 days 00:00:49.587000,0 days 00:00:29.940000,SUPERSOFT,12.0,1.0,,,6.0,False,1
MAG,20,Haas F1 Team,9.0,0 days 00:01:52.055000,112.055,0 days 00:00:31.981000,0 days 00:00:50.032000,0 days 00:00:30.042000,SUPERSOFT,12.0,1.0,,,7.0,True,1
GAS,10,Toro Rosso,9.0,0 days 00:01:52.421000,112.421,0 days 00:00:31.320000,0 days 00:00:51.122000,0 days 00:00:29.979000,SUPERSOFT,9.0,1.0,,,8.0,False,1
ERI,9,Sauber,9.0,0 days 00:01:52.210000,112.21,0 days 00:00:31.998000,0 days 00:00:50.304000,0 days 00:00:29.908000,SOFT,9.0,1.0,,,9.0,False,1
SIR,35,Williams,9.0,0 days 00:01:52.140000,112.14,0 days 00:00:32.115000,0 days 00:00:50.141000,0 days 00:00:29.884000,SOFT,9.0,1.0,,,10.0,True,1
STR,18,Williams,9.0,0 days 00:01:52.224000,112.224,0 days 00:00:31.962000,0 days 00:00:50.441000,0 days 00:00:29.821000,SOFT,9.0,1.0,,,11.0,True,1
BOT,77,Mercedes,9.0,0 days 00:01:51.763000,111.763,0 days 00:00:31.048000,0 days 00:00:50.811000,0 days 00:00:29.904000,SUPERSOFT,7.0,2.0,,,12.0,True,1
SAI,55,Renault,9.0,0 days 00:01:53.535000,113.535,0 days 00:00:31.813000,0 days 00:00:51.812000,0 days 00:00:29.910000,MEDIUM,9.0,1.0,,,13.0,False,1
HAR,28,Toro Rosso,9.0,0 days 00:01:53.028000,113.028,0 days 00:00:32.179000,0 days 00:00:50.580000,0 days 00:00:30.269000,SOFT,9.0,1.0,,,14.0,False,1
VAN,2,McLaren,9.0,0 days 00:01:52.810000,112.81,0 days 00:00:32.199000,0 days 00:00:50.374000,0 days 00:00:30.237000,MEDIUM,7.0,2.0,,,15.0,True,1
RIC,3,Red Bull Racing,9.0,0 days 00:01:51.677000,111.677,0 days 00:00:31.444000,0 days 00:00:50.561000,0 days 00:00:29.672000,SOFT,8.0,1.0,,,16.0,False,1
VET,5,Ferrari,10.0,0 days 00:01:48.749000,108.749,0 days 00:00:31.662000,0 days 00:00:47.794000,0 days 00:00:29.293000,SUPERSOFT,12.0,1.0,,,1.0,False,1
HAM,44,Mercedes,10.0,0 days 00:01:49.179000,109.179,0 days 00:00:31.660000,0 days 00:00:48.141000,0 days 00:00:29.378000,SUPERSOFT,13.0,1.0,,,2.0,False,1
VER,33,Red Bull Racing,10.0,0 days 00:01:48.932000,108.932,0 days 00:00:30.977000,0 days 00:00:48.493000,0 days 00:00:29.462000,SUPERSOFT,13.0,1.0,,,3.0,True,1
PER,11,Racing Point,10.0,0 days 00:01:51.534000,111.534,0 days 00:00:31.648000,0 days 00:00:50.373000,0 days 00:00:29.513000,SUPERSOFT,13.0,1.0,,,4.0,False,1
OCO,31,Racing Point,10.0,0 days 00:01:51.054000,111.054,0 days 00:00:31.719000,0 days 00:00:49.823000,0 days 00:00:29.512000,SUPERSOFT,13.0,1.0,,,5.0,False,1
GRO,8,Haas F1 Team,10.0,0 days 00:01:51.152000,111.152,0 days 00:00:31.993000,0 days 00:00:49.340000,0 days 00:00:29.819000,SUPERSOFT,13.0,1.0,,,6.0,True,1
MAG,20,Haas F1 Team,10.0,0 days 00:01:51.421000,111.421,0 days 00:00:31.950000,0 days 00:00:49.552000,0 days 00:00:29.919000,SUPERSOFT,13.0,1.0,,,7.0,True,1
GAS,10,Toro Rosso,10.0,0 days 00:01:51.866000,111.866,0 days 00:00:31.971000,0 days 00:00:50.021000,0 days 00:00:29.874000,SUPERSOFT,10.0,1.0,,,8.0,True,1
ERI,9,Sauber,10.0,0 days 00:01:51.923000,111.923,0 days 00:00:31.687000,0 days 00:00:50.422000,0 days 00:00:29.814000,SOFT,10.0,1.0,,,9.0,False,1
SIR,35,Williams,10.0,0 days 00:01:52.031000,112.031,0 days 00:00:32.092000,0 days 00:00:50.031000,0 days 00:00:29.908000,SOFT,10.0,1.0,,,10.0,True,1
STR,18,Williams,10.0,0 days 00:01:51.976000,111.976,0 days 00:00:31.966000,0 days 00:00:50.194000,0 days 00:00:29.816000,SOFT,10.0,1.0,,,11.0,True,1
BOT,77,Mercedes,10.0,0 days 00:01:51.548000,111.548,0 days 00:00:31.595000,0 days 00:00:50.208000,0 days 00:00:29.745000,SUPERSOFT,8.0,2.0,,,12.0,True,1
SAI,55,Renault,10.0,0 days 00:01:53.191000,113.191,0 days 00:00:31.932000,0 days 00:00:51.483000,0 days 00:00:29.776000,MEDIUM,10.0,1.0,,,13.0,False,1
HAR,28,Toro Rosso,10.0,0 days 00:01:52.798000,112.798,0 days 00:00:32.287000,0 days 00:00:50.513000,0 days 00:00:29.998000,SOFT,10.0,1.0,,,14.0,False,1
VAN,2,McLaren,10.0,0 days 00:01:52.639000,112.639,0 days 00:00:32.192000,0 days 00:00:50.300000,0 days 00:00:30.147000,MEDIUM,8.0,2.0,,,15.0,True,1
RIC,3,Red Bull Racing,10.0,0 days 00:01:50.547000,110.547,0 days 00:00:31.001000,0 days 00:00:49.912000,0 days 00:00:29.634000,SOFT,9.0,1.0,,,16.0,True,1
VET,5,Ferrari,11.0,0 days 00:01:48.495000,108.495,0 days 00:00:31.643000,0 days 00:00:47.665000,0 days 00:00:29.187000,SUPERSOFT,13.0,1.0,,,1.0,True,1
HAM,44,Mercedes,11.0,0 days 00:01:48.977000,108.977,0 days 00:00:31.663000,0 days 00:00:47.884000,0 days 00:00:29.430000,SUPERSOFT,14.0,1.0,,,2.0,False,1
VER,33,Red Bull Racing,11.0,0 days 00:01:49.575000,109.575,0 days 00:00:31.776000,0 days 00:00:48.314000,0 days 00:00:29.485000,SUPERSOFT,14.0,1.0,,,3.0,False,1
PER,11,Racing Point,11.0,0 days 00:01:51.527000,111.527,0 days 00:00:31.571000,0 days 00:00:50.373000,0 days 00:00:29.583000,SUPERSOFT,14.0,1.0,,,4.0,False,1
OCO,31,Racing Point,11.0,0 days 00:01:50.855000,110.855,0 days 00:00:31.660000,0 days 00:00:49.716000,0 days 00:00:29.479000,SUPERSOFT,14.0,1.0,,,5.0,True,1
GRO,8,Haas F1 Team,11.0,0 days 00:01:50.904000,110.904,0 days 00:00:31.953000,0 days 00:00:49.059000,0 days 00:00:29.892000,SUPERSOFT,14.0,1.0,,,6.0,True,1
MAG,20,Haas F1 Team,11.0,0 days 00:01:51.117000,111.117,0 days 00:00:31.939000,0 days 00:00:49.284000,0 days 00:00:29.894000,SUPERSOFT,14.0,1.0,,,7.0,True,1
GAS,10,Toro Rosso,11.0,0 days 00:01:51.360000,111.36,0 days 00:00:31.864000,0 days 00:00:49.674000,0 days 00:00:29.822000,SUPERSOFT,11.0,1.0,,,8.0,True,1
ERI,9,Sauber,11.0,0 days 00:01:51.669000,111.669,0 days 00:00:32.077000,0 days 00:00:49.773000,0 days 00:00:29.819000,SOFT,11.0,1.0,,,9.0,False,1
SIR,35,Williams,11.0,0 days 00:01:51.722000,111.722,0 days 00:00:32.211000,0 days 00:00:49.686000,0 days 00:00:29.825000,SOFT,11.0,1.0,,,10.0,True,1
BOT,77,Mercedes,11.0,0 days 00:01:50.507000,110.507,0 days 00:00:31.103000,0 days 00:00:49.997000,0 days 00:00:29.407000,SUPERSOFT,9.0,2.0,,,11.0,True,1
STR,18,Williams,11.0,0 days 00:01:52.992000,112.992,0 days 00:00:31.949000,0 days 00:00:51.329000,0 days 00:00:29.714000,SOFT,11.0,1.0,,,12.0,False,1
SAI,55,Renault,11.0,0 days 00:01:52.305000,112.305,0 days 00:00:31.793000,0 days 00:00:50.665000,0 days 00:00:29.847000,MEDIUM,11.0,1.0,,,13.0,True,1
HAR,28,Toro Rosso,11.0,0 days 00:01:52.281000,112.281,0 days 00:00:32.214000,0 days 00:00:50.051000,0 days 00:00:30.016000,SOFT,11.0,1.0,,,14.0,True,1
VAN,2,McLaren,11.0,0 days 00:01:52.448000,112.448,0 days 00:00:32.202000,0 days 00:00:50.174000,0 days 00:00:30.072000,MEDIUM,9.0,2.0,,,15.0,True,1
RIC,3,Red Bull Racing,11.0,0 days 00:01:50.549000,110.549,0 days 00:00:31.259000,0 days 00:00:49.767000,0 days 00:00:29.523000,SOFT,10.0,1.0,,,16.0,False,1
VET,5,Ferrari,12.0,0 days 00:01:48.663000,108.663,0 days 00:00:31.555000,0 days 00:00:47.841000,0 days 00:00:29.267000,SUPERSOFT,14.0,1.0,,,1.0,False,1
HAM,44,Mercedes,12.0,0 days 00:01:48.665000,108.665,0 days 00:00:31.607000,0 days 00:00:47.755000,0 days 00:00:29.303000,SUPERSOFT,15.0,1.0,,,2.0,True,1
VER,33,Red Bull Racing,12.0,0 days 00:01:49.224000,109.224,0 days 00:00:31.775000,0 days 00:00:48.120000,0 days 00:00:29.329000,SUPERSOFT,15.0,1.0,,,3.0,False,1
PER,11,Racing Point,12.0,0 days 00:01:50.665000,110.665,0 days 00:00:31.663000,0 days 00:00:49.524000,0 days 00:00:29.478000,SUPERSOFT,15.0,1.0,,,4.0,True,1
OCO,31,Racing Point,12.0,0 days 00:01:50.569000,110.569,0 days 00:00:31.583000,0 days 00:00:49.587000,0 days 00:00:29.399000,SUPERSOFT,15.0,1.0,,,5.0,True,1
GRO,8,Haas F1 Team,12.0,0 days 00:01:50.986000,110.986,0 days 00:00:31.904000,0 days 00:00:49.157000,0 days 00:00:29.925000,SUPERSOFT,15.0,1.0,,,6.0,False,1
MAG,20,Haas F1 Team,12.0,0 days 00:01:51.002000,111.002,0 days 00:00:31.929000,0 days 00:00:49.121000,0 days 00:00:29.952000,SUPERSOFT,15.0,1.0,,,7.0,True,1
GAS,10,Toro Rosso,12.0,0 days 00:01:51.232000,111.232,0 days 00:00:31.960000,0 days 00:00:49.440000,0 days 00:00:29.832000,SUPERSOFT,12.0,1.0,,,8.0,True,1
ERI,9,Sauber,12.0,0 days 00:01:51.212000,111.212,0 days 00:00:31.878000,0 days 00:00:49.517000,0 days 00:00:29.817000,SOFT,12.0,1.0,,,9.0,True,1
BOT,77,Mercedes,12.0,0 days 00:01:50.661000,110.661,0 days 00:00:31.028000,0 days 00:00:49.839000,0 days 00:00:29.794000,SUPERSOFT,10.0,2.0,,,10.0,False,1
SIR,35,Williams,12.0,0 days 00:01:52.994000,112.994,0 days 00:00:31.982000,0 days 00:00:51.086000,0 days 00:00:29.926000,SOFT,12.0,1.0,,,11.0,False,1
STR,18,Williams,12.0,0 days 00:01:53.092000,113.092,0 days 00:00:31.941000,0 days 00:00:51.261000,0 days 00:00:29.890000,SOFT,12.0,1.0,,,12.0,False,1
SAI,55,Renault,12.0,0 days 00:01:52.045000,112.045,0 days 00:00:31.905000,0 days 00:00:50.297000,0 days 00:00:29.843000,MEDIUM,12.0,1.0,,,13.0,True,1
HAR,28,Toro Rosso,12.0,0 days 00:01:52.454000,112.454,0 days 00:00:32.233000,0 days 00:00:50.030000,0 days 00:00:30.191000,SOFT,12.0,1.0,,,14.0,False,1
VAN,2,McLaren,12.0,0 days 00:01:52.442000,112.442,0 days 00:00:32.121000,0 days 00:00:50.181000,0 days 00:00:30.140000,MEDIUM,10.0,2.0,,,15.0,True,1
RIC,3,Red Bull Racing,12.0,0 days 00:01:50.872000,110.872,0 days 00:00:31.468000,0 days 00:00:49.863000,0 days 00:00:29.541000,SOFT,11.0,1.0,,,16.0,False,1
VET,5,Ferrari,13.0,0 days 00:01:48.732000,108.732,0 days 00:00:31.568000,0 days 00:00:47.809000,0 days 00:00:29.355000,SUPERSOFT,15.0,1.0,,,1.0,False,1
HAM,44,Mercedes,13.0,0 days 00:01:48.742000,108.742,0 days 00:00:31.459000,0 days 00:00:47.873000,0 days 00:00:29.410000,SUPERSOFT,16.0,1.0,,,2.0,False,1
VER,33,Red Bull Racing,13.0,0 days 00:01:49.253000,109.253,0 days 00:00:31.739000,0 days 00:00:48.173000,0 days 00:00:29.341000,SUPERSOFT,16.0,1.0,,,3.0,False,1
PER,11,Racing Point,13.0,0 days 00:01:50.478000,110.478,0 days 00:00:31.700000,0 days 00:00:49.380000,0 days 00:00:29.398000,SUPERSOFT,16.0,1.0,,,4.0,True,1
OCO,31,Racing Point,13.0,0 days 00:01:50.581000,110.581,0 days 00:00:31.621000,0 days 00:00:49.480000,0 days 00:00:29.480000,SUPERSOFT,16.0,1.0,,,5.0,False,1
GRO,8,Haas F1 Team,13.0,0 days 00:01:51.174000,111.174,0 days 00:00:32.070000,0 days 00:00:49.040000,0 days 00:00:30.064000,SUPERSOFT,16.0,1.0,,,6.0,False,1
MAG,20,Haas F1 Team,13.0,0 days 00:01:51.115000,111.115,0 days 00:00:32.029000,0 days 00:00:49.063000,0 days 00:00:30.023000,SUPERSOFT,16.0,1.0,,,7.0,False,1
GAS,10,Toro Rosso,13.0,0 days 00:01:51.171000,111.171,0 days 00:00:32.115000,0 days 00:00:49.325000,0 days 00:00:29.731000,SUPERSOFT,13.0,1.0,,,8.0,True,1
ERI,9,Sauber,13.0,0 days 00:01:51.360000,111.36,0 days 00:00:31.929000,0 days 00:00:49.635000,0 days 00:00:29.796000,SOFT,13.0,1.0,,,9.0,False,1
BOT,77,Mercedes,13.0,0 days 00:01:51.593000,111.593,0 days 00:00:31.683000,0 days 00:00:50.099000,0 days 00:00:29.811000,SUPERSOFT,11.0,2.0,,,10.0,False,1
SIR,35,Williams,13.0,0 days 00:01:53.170000,113.17,0 days 00:00:32.124000,0 days 00:00:51.129000,0 days 00:00:29.917000,SOFT,13.0,1.0,,,11.0,False,1
STR,18,Williams,13.0,0 days 00:01:52.069000,112.069,0 days 00:00:32.125000,0 days 00:00:50.172000,0 days 00:00:29.772000,SOFT,13.0,1.0,,,12.0,False,1
SAI,55,Renault,13.0,0 days 00:01:51.817000,111.817,0 days 00:00:31.765000,0 days 00:00:50.335000,0 days 00:00:29.717000,MEDIUM,13.0,1.0,,,13.0,True,1
HAR,28,Toro Rosso,13.0,0 days 00:01:52.485000,112.485,0 days 00:00:32.270000,0 days 00:00:50.031000,0 days 00:00:30.184000,SOFT,13.0,1.0,,,14.0,False,1
VAN,2,McLaren,13.0,0 days 00:01:52.370000,112.37,0 days 00:00:32.194000,0 days 00:00:50.017000,0 days 00:00:30.159000,MEDIUM,11.0,2.0,,,15.0,True,1
RIC,3,Red Bull Racing,13.0,0 days 00:01:50.540000,110.54,0 days 00:00:31.125000,0 days 00:00:49.819000,0 days 00:00:29.596000,SOFT,12.0,1.0,,,16.0,True,1
VET,5,Ferrari,14.0,0 days 00:01:48.748000,108.748,0 days 00:00:31.700000,0 days 00:00:47.753000,0 days 00:00:29.295000,SUPERSOFT,16.0,1.0,,,1.0,False,1
HAM,44,Mercedes,14.0,0 days 00:01:48.939000,108.939,0 days 00:00:31.549000,0 days 00:00:48.054000,0 days 00:00:29.336000,SUPERSOFT,17.0,1.0,,,2.0,False,1
VER,33,Red Bull Racing,14.0,0 days 00:01:49.377000,109.377,0 days 00:00:31.831000,0 days 00:00:48.129000,0 days 00:00:29.417000,SUPERSOFT,17.0,1.0,,,3.0,False,1
PER,11,Racing Point,14.0,0 days 00:01:50.433000,110.433,0 days 00:00:31.674000,0 days 00:00:49.305000,0 days 00:00:29.454000,SUPERSOFT,17.0,1.0,,,4.0,True,1
OCO,31,Racing Point,14.0,0 days 00:01:50.667000,110.667,0 days 00:00:31.738000,0 days 00:00:49.466000,0 days 00:00:29.463000,SUPERSOFT,17.0,1.0,,,5.0,False,1
GRO,8,Haas F1 Team,14.0,0 days 00:01:51.148000,111.148,0 days 00:00:32.177000,0 days 00:00:48.893000,0 days 00:00:30.078000,SUPERSOFT,17.0,1.0,,,6.0,False,1
MAG,20,Haas F1 Team,14.0,0 days 00:01:51.039000,111.039,0 days 00:00:31.997000,0 days 00:00:49.024000,0 days 00:00:30.018000,SUPERSOFT,17.0,1.0,,,7.0,False,1
GAS,10,Toro Rosso,14.0,0 days 00:01:51.225000,111.225,0 days 00:00:31.989000,0 days 00:00:49.388000,0 days 00:00:29.848000,SUPERSOFT,14.0,1.0,,,8.0,False,1
ERI,9,Sauber,14.0,0 days 00:01:51.343000,111.343,0 days 00:00:32.121000,0 days 00:00:49.330000,0 days 00:00:29.892000,SOFT,14.0,1.0,,,9.0,False,1
BOT,77,Mercedes,14.0,0 days 00:01:51.075000,111.075,0 days 00:00:31.646000,0 days 00:00:49.753000,0 days 00:00:29.676000,SUPERSOFT,12.0,2.0,,,10.0,False,1
SIR,35,Williams,14.0,0 days 00:01:52.143000,112.143,0 days 00:00:32.470000,0 days 00:00:49.661000,0 days 00:00:30.012000,SOFT,14.0,1.0,,,11.0,False,1
STR,18,Williams,14.0,0 days 00:01:52.270000,112.27,0 days 00:00:31.979000,0 days 00:00:50.380000,0 days 00:00:29.911000,SOFT,14.0,1.0,,,12.0,False,1
SAI,55,Renault,14.0,0 days 00:01:52.215000,112.215,0 days 00:00:31.758000,0 days 00:00:50.564000,0 days 00:00:29.893000,MEDIUM,14.0,1.0,,,13.0,False,1
HAR,28,Toro Rosso,14.0,0 days 00:01:51.956000,111.956,0 days 00:00:32.290000,0 days 00:00:49.499000,0 days 00:00:30.167000,SOFT,14.0,1.0,,,14.0,True,1
VAN,2,McLaren,14.0,0 days 00:01:52.899000,112.899,0 days 00:00:32.268000,0 days 00:00:50.193000,0 days 00:00:30.438000,MEDIUM,12.0,2.0,,,15.0,False,1
RIC,3,Red Bull Racing,14.0,0 days 00:01:50.383000,110.383,0 days 00:00:31.375000,0 days 00:00:49.359000,0 days 00:00:29.649000,SOFT,13.0,1.0,,,16.0,True,1
VET,5,Ferrari,15.0,0 days 00:01:48.679000,108.679,0 days 00:00:31.722000,0 days 00:00:47.694000,0 days 00:00:29.263000,SUPERSOFT,17.0,1.0,,,1.0,False,1
HAM,44,Mercedes,15.0,0 days 00:01:48.479000,108.479,0 days 00:00:31.618000,0 days 00:00:47.586000,0 days 00:00:29.275000,SUPERSOFT,18.0,1.0,,,2.0,True,1
VER,33,Red Bull Racing,15.0,0 days 00:01:49.043000,109.043,0 days 00:00:31.716000,0 days 00:00:47.934000,0 days 00:00:29.393000,SUPERSOFT,18.0,1.0,,,3.0,False,1
PER,11,Racing Point,15.0,0 days 00:01:50.303000,110.303,0 days 00:00:31.675000,0 days 00:00:49.133000,0 days 00:00:29.495000,SUPERSOFT,18.0,1.0,,,4.0,True,1
OCO,31,Racing Point,15.0,0 days 00:01:50.403000,110.403,0 days 00:00:31.684000,0 days 00:00:49.286000,0 days 00:00:29.433000,SUPERSOFT,18.0,1.0,,,5.0,True,1
GRO,8,Haas F1 Team,15.0,0 days 00:01:50.777000,110.777,0 days 00:00:32.012000,0 days 00:00:48.756000,0 days 00:00:30.009000,SUPERSOFT,18.0,1.0,,,6.0,True,1
MAG,20,Haas F1 Team,15.0,0 days 00:01:50.729000,110.729,0 days 00:00:31.929000,0 days 00:00:48.796000,0 days 00:00:30.004000,SUPERSOFT,18.0,1.0,,,7.0,True,1
GAS,10,Toro Rosso,15.0,0 days 00:01:50.672000,110.672,0 days 00:00:31.863000,0 days 00:00:49.069000,0 days 00:00:29.740000,SUPERSOFT,15.0,1.0,,,8.0,True,1
ERI,9,Sauber,15.0,0 days 00:01:50.874000,110.874,0 days 00:00:32.041000,0 days 00:00:49.048000,0 days 00:00:29.785000,SOFT,15.0,1.0,,,9.0,True,1
BOT,77,Mercedes,15.0,0 days 00:01:50.025000,110.025,0 days 00:00:31.608000,0 days 00:00:48.924000,0 days 00:00:29.493000,SUPERSOFT,13.0,2.0,,,10.0,True,1
SIR,35,Williams,15.0,0 days 00:01:51.527000,111.527,0 days 00:00:32.217000,0 days 00:00:49.392000,0 days 00:00:29.918000,SOFT,15.0,1.0,,,11.0,True,1
STR,18,Williams,15.0,0 days 00:01:51.713000,111.713,0 days 00:00:31.896000,0 days 00:00:50.007000,0 days 00:00:29.810000,SOFT,15.0,1.0,,,12.0,True,1
SAI,55,Renault,15.0,0 days 00:01:51.696000,111.696,0 days 00:00:31.728000,0 days 00:00:50.222000,0 days 00:00:29.746000,MEDIUM,15.0,1.0,,,13.0,True,1
HAR,28,Toro Rosso,15.0,0 days 00:01:51.876000,111.876,0 days 00:00:32.212000,0 days 00:00:49.486000,0 days 00:00:30.178000,SOFT,15.0,1.0,,,14.0,True,1
VAN,2,McLaren,15.0,0 days 00:01:52.424000,112.424,0 days 00:00:32.267000,0 days 00:00:49.855000,0 days 00:00:30.302000,MEDIUM,13.0,2.0,,,15.0,False,1
RIC,3,Red Bull Racing,15.0,0 days 00:01:50.671000,110.671,0 days 00:00:31.492000,0 days 00:00:49.522000,0 days 00:00:29.657000,SOFT,14.0,1.0,,,16.0,False,1
VET,5,Ferrari,16.0,0 days 00:01:48.399000,108.399,0 days 00:00:31.517000,0 days 00:00:47.604000,0 days 00:00:29.278000,SUPERSOFT,18.0,1.0,,,1.0,True,1
HAM,44,Mercedes,16.0,0 days 00:01:48.208000,108.208,0 days 00:00:31.486000,0 days 00:00:47.487000,0 days 00:00:29.235000,SUPERSOFT,19.0,1.0,,,2.0,True,1
VER,33,Red Bull Racing,16.0,0 days 00:01:49.219000,109.219,0 days 00:00:31.846000,0 days 00:00:47.934000,0 days 00:00:29.439000,SUPERSOFT,19.0,1.0,,,3.0,False,1
PER,11,Racing Point,16.0,0 days 00:01:50.304000,110.304,0 days 00:00:31.780000,0 days 00:00:48.986000,0 days 00:00:29.538000,SUPERSOFT,19.0,1.0,,,4.0,False,1
OCO,31,Racing Point,16.0,0 days 00:01:50.714000,110.714,0 days 00:00:31.699000,0 days 00:00:49.421000,0 days 00:00:29.594000,SUPERSOFT,19.0,1.0,,,5.0,False,1
GRO,8,Haas F1 Team,16.0,0 days 00:01:50.913000,110.913,0 days 00:00:32.094000,0 days 00:00:48.682000,0 days 00:00:30.137000,SUPERSOFT,19.0,1.0,,,6.0,False,1
MAG,20,Haas F1 Team,16.0,0 days 00:01:50.750000,110.75,0 days 00:00:31.987000,0 days 00:00:48.778000,0 days 00:00:29.985000,SUPERSOFT,19.0,1.0,,,7.0,False,1
GAS,10,Toro Rosso,16.0,0 days 00:01:51.106000,111.106,0 days 00:00:31.951000,0 days 00:00:49.251000,0 days 00:00:29.904000,SUPERSOFT,16.0,1.0,,,8.0,False,1
ERI,9,Sauber,16.0,0 days 00:01:50.834000,110.834,0 days 00:00:32.040000,0 days 00:00:48.924000,0 days 00:00:29.870000,SOFT,16.0,1.0,,,9.0,True,1
BOT,77,Mercedes,16.0,0 days 00:01:50.111000,110.111,0 days 00:00:31.607000,0 days 00:00:49.012000,0 days 00:00:29.492000,SUPERSOFT,14.0,2.0,,,10.0,False,1
SIR,35,Williams,16.0,0 days 00:01:51.617000,111.617,0 days 00:00:32.328000,0 days 00:00:49.262000,0 days 00:00:30.027000,SOFT,16.0,1.0,,,11.0,False,1
STR,18,Williams,16.0,0 days 00:01:51.672000,111.672,0 days 00:00:31.894000,0 days 00:00:49.900000,0 days 00:00:29.878000,SOFT,16.0,1.0,,,12.0,True,1
SAI,55,Renault,16.0,0 days 00:01:51.537000,111.537,0 days 00:00:31.652000,0 days 00:00:50.106000,0 days 00:00:29.779000,MEDIUM,16.0,1.0,,,13.0,True,1
HAR,28,Toro Rosso,16.0,0 days 00:01:51.533000,111.533,0 days 00:00:32.289000,0 days 00:00:49.131000,0 days 00:00:30.113000,SOFT,16.0,1.0,,,14.0,True,1
VAN,2,McLaren,16.0,0 days 00:01:52.384000,112.384,0 days 00:00:32.314000,0 days 00:00:49.805000,0 days 00:00:30.265000,MEDIUM,14.0,2.0,,,15.0,False,1
RIC,3,Red Bull Racing,16.0,0 days 00:01:50.146000,110.146,0 days 00:00:31.026000,0 days 00:00:49.600000,0 days 00:00:29.520000,SOFT,15.0,1.0,,,16.0,True,1
VET,5,Ferrari,17.0,0 days 00:01:48.667000,108.667,0 days 00:00:31.702000,0 days 00:00:47.632000,0 days 00:00:29.333000,SUPERSOFT,19.0,1.0,,,1.0,False,1
HAM,44,Mercedes,17.0,0 days 00:01:48.448000,108.448,0 days 00:00:31.527000,0 days 00:00:47.632000,0 days 00:00:29.289000,SUPERSOFT,20.0,1.0,,,2.0,False,1
VER,33,Red Bull Racing,17.0,0 days 00:01:49.287000,109.287,0 days 00:00:31.863000,0 days 00:00:47.782000,0 days 00:00:29.642000,SUPERSOFT,20.0,1.0,,,3.0,False,1
PER,11,Racing Point,17.0,0 days 00:01:50.366000,110.366,0 days 00:00:31.703000,0 days 00:00:49.033000,0 days 00:00:29.630000,SUPERSOFT,20.0,1.0,,,4.0,False,1
OCO,31,Racing Point,17.0,0 days 00:01:50.658000,110.658,0 days 00:00:31.701000,0 days 00:00:49.408000,0 days 00:00:29.549000,SUPERSOFT,20.0,1.0,,,5.0,False,1
GRO,8,Haas F1 Team,17.0,0 days 00:01:50.938000,110.938,0 days 00:00:32.129000,0 days 00:00:48.672000,0 days 00:00:30.137000,SUPERSOFT,20.0,1.0,,,6.0,False,1
MAG,20,Haas F1 Team,17.0,0 days 00:01:51.070000,111.07,0 days 00:00:31.981000,0 days 00:00:49.011000,0 days 00:00:30.078000,SUPERSOFT,20.0,1.0,,,7.0,False,1
GAS,10,Toro Rosso,17.0,0 days 00:01:51.162000,111.162,0 days 00:00:31.992000,0 days 00:00:49.141000,0 days 00:00:30.029000,SUPERSOFT,17.0,1.0,,,8.0,False,1
BOT,77,Mercedes,17.0,0 days 00:01:49.907000,109.907,0 days 00:00:31.083000,0 days 00:00:49.227000,0 days 00:00:29.597000,SUPERSOFT,15.0,2.0,,,9.0,True,1
ERI,9,Sauber,17.0,0 days 00:01:52.135000,112.135,0 days 00:00:32.018000,0 days 00:00:50.208000,0 days 00:00:29.909000,SOFT,17.0,1.0,,,10.0,False,1
SIR,35,Williams,17.0,0 days 00:01:51.284000,111.284,0 days 00:00:32.199000,0 days 00:00:49.101000,0 days 00:00:29.984000,SOFT,17.0,1.0,,,11.0,True,1
STR,18,Williams,17.0,0 days 00:01:51.983000,111.983,0 days 00:00:32.235000,0 days 00:00:49.797000,0 days 00:00:29.951000,SOFT,17.0,1.0,,,12.0,False,1
SAI,55,Renault,17.0,0 days 00:01:51.853000,111.853,0 days 00:00:31.606000,0 days 00:00:50.536000,0 days 00:00:29.711000,MEDIUM,17.0,1.0,,,13.0,False,1
HAR,28,Toro Rosso,17.0,0 days 00:01:51.552000,111.552,0 days 00:00:32.322000,0 days 00:00:49.230000,0 days 00:00:30,SOFT,17.0,1.0,,,14.0,False,1
VAN,2,McLaren,17.0,0 days 00:01:52.134000,112.134,0 days 00:00:32.302000,0 days 00:00:49.713000,0 days 00:00:30.119000,MEDIUM,15.0,2.0,,,15.0,True,1
RIC,3,Red Bull Racing,17.0,0 days 00:01:50.816000,110.816,0 days 00:00:31.402000,0 days 00:00:49.960000,0 days 00:00:29.454000,SOFT,16.0,1.0,,,16.0,False,1
VET,5,Ferrari,18.0,0 days 00:01:48.600000,108.6,0 days 00:00:31.548000,0 days 00:00:47.848000,0 days 00:00:29.204000,SUPERSOFT,20.0,1.0,,,1.0,False,1
HAM,44,Mercedes,18.0,0 days 00:01:48.706000,108.706,0 days 00:00:31.602000,0 days 00:00:47.801000,0 days 00:00:29.303000,SUPERSOFT,21.0,1.0,,,2.0,False,1
VER,33,Red Bull Racing,18.0,0 days 00:01:48.879000,108.879,0 days 00:00:31.676000,0 days 00:00:47.849000,0 days 00:00:29.354000,SUPERSOFT,21.0,1.0,,,3.0,True,1
PER,11,Racing Point,18.0,0 days 00:01:50.256000,110.256,0 days 00:00:31.738000,0 days 00:00:49.097000,0 days 00:00:29.421000,SUPERSOFT,21.0,1.0,,,4.0,True,1
OCO,31,Racing Point,18.0,0 days 00:01:50.400000,110.4,0 days 00:00:31.698000,0 days 00:00:49.320000,0 days 00:00:29.382000,SUPERSOFT,21.0,1.0,,,5.0,True,1
GRO,8,Haas F1 Team,18.0,0 days 00:01:50.762000,110.762,0 days 00:00:32.085000,0 days 00:00:48.794000,0 days 00:00:29.883000,SUPERSOFT,21.0,1.0,,,6.0,True,1
MAG,20,Haas F1 Team,18.0,0 days 00:01:50.849000,110.849,0 days 00:00:32.015000,0 days 00:00:48.905000,0 days 00:00:29.929000,SUPERSOFT,21.0,1.0,,,7.0,False,1
BOT,77,Mercedes,18.0,0 days 00:01:49.596000,109.596,0 days 00:00:31.123000,0 days 00:00:48.941000,0 days 00:00:29.532000,SUPERSOFT,16.0,2.0,,,8.0,True,1
GAS,10,Toro Rosso,18.0,0 days 00:01:52.419000,112.419,0 days 00:00:32.073000,0 days 00:00:50.569000,0 days 00:00:29.777000,SUPERSOFT,18.0,1.0,,,9.0,False,1
ERI,9,Sauber,18.0,0 days 00:01:52.484000,112.484,0 days 00:00:32.083000,0 days 00:00:50.689000,0 days 00:00:29.712000,SOFT,18.0,1.0,,,10.0,False,1
SIR,35,Williams,18.0,0 days 00:01:52.122000,112.122,0 days 00:00:32.377000,0 days 00:00:49.529000,0 days 00:00:30.216000,SOFT,18.0,1.0,,,11.0,False,1
STR,18,Williams,18.0,0 days 00:01:51.818000,111.818,0 days 00:00:32.216000,0 days 00:00:49.652000,0 days 00:00:29.950000,SOFT,18.0,1.0,,,12.0,False,1
SAI,55,Renault,18.0,0 days 00:01:51.968000,111.968,0 days 00:00:31.654000,0 days 00:00:50.560000,0 days 00:00:29.754000,MEDIUM,18.0,1.0,,,13.0,False,1
HAR,28,Toro Rosso,18.0,0 days 00:01:51.791000,111.791,0 days 00:00:32.342000,0 days 00:00:49.388000,0 days 00:00:30.061000,SOFT,18.0,1.0,,,14.0,False,1
VAN,2,McLaren,18.0,0 days 00:01:52.198000,112.198,0 days 00:00:32.364000,0 days 00:00:49.716000,0 days 00:00:30.118000,MEDIUM,16.0,2.0,,,15.0,False,1
RIC,3,Red Bull Racing,18.0,0 days 00:01:49.399000,109.399,0 days 00:00:31.037000,0 days 00:00:48.902000,0 days 00:00:29.460000,SOFT,17.0,1.0,,,16.0,True,1
VET,5,Ferrari,19.0,0 days 00:01:48.933000,108.933,0 days 00:00:31.682000,0 days 00:00:48.015000,0 days 00:00:29.236000,SUPERSOFT,21.0,1.0,,,1.0,False,1
HAM,44,Mercedes,19.0,0 days 00:01:48.739000,108.739,0 days 00:00:31.621000,0 days 00:00:47.847000,0 days 00:00:29.271000,SUPERSOFT,22.0,1.0,,,2.0,False,1
VER,33,Red Bull Racing,19.0,0 days 00:01:48.936000,108.936,0 days 00:00:31.623000,0 days 00:00:47.970000,0 days 00:00:29.343000,SUPERSOFT,22.0,1.0,,,3.0,False,1
PER,11,Racing Point,19.0,0 days 00:01:50.212000,110.212,0 days 00:00:31.698000,0 days 00:00:49.032000,0 days 00:00:29.482000,SUPERSOFT,22.0,1.0,,,4.0,True,1
OCO,31,Racing Point,19.0,0 days 00:01:50.452000,110.452,0 days 00:00:31.635000,0 days 00:00:49.379000,0 days 00:00:29.438000,SUPERSOFT,22.0,1.0,,,5.0,False,1
GRO,8,Haas F1 Team,19.0,0 days 00:01:50.606000,110.606,0 days 00:00:32.028000,0 days 00:00:48.610000,0 days 00:00:29.968000,SUPERSOFT,22.0,1.0,,,6.0,True,1
MAG,20,Haas F1 Team,19.0,0 days 00:01:50.754000,110.754,0 days 00:00:31.929000,0 days 00:00:48.900000,0 days 00:00:29.925000,SUPERSOFT,22.0,1.0,,,7.0,False,1
BOT,77,Mercedes,19.0,0 days 00:01:50.122000,110.122,0 days 00:00:31.595000,0 days 00:00:48.903000,0 days 00:00:29.624000,SUPERSOFT,17.0,2.0,,,8.0,False,1
GAS,10,Toro Rosso,19.0,0 days 00:01:51.081000,111.081,0 days 00:00:31.929000,0 days 00:00:49.334000,0 days 00:00:29.818000,SUPERSOFT,19.0,1.0,,,9.0,False,1
ERI,9,Sauber,19.0,0 days 00:01:51.074000,111.074,0 days 00:00:31.890000,0 days 00:00:49.446000,0 days 00:00:29.738000,SOFT,19.0,1.0,,,10.0,False,1
SIR,35,Williams,19.0,0 days 00:01:51.590000,111.59,0 days 00:00:32.366000,0 days 00:00:49.186000,0 days 00:00:30.038000,SOFT,19.0,1.0,,,11.0,False,1
STR,18,Williams,19.0,0 days 00:01:51.748000,111.748,0 days 00:00:32.055000,0 days 00:00:49.760000,0 days 00:00:29.933000,SOFT,19.0,1.0,,,12.0,False,1
SAI,55,Renault,19.0,0 days 00:01:51.578000,111.578,0 days 00:00:31.494000,0 days 00:00:50.433000,0 days 00:00:29.651000,MEDIUM,19.0,1.0,,,13.0,False,1
HAR,28,Toro Rosso,19.0,0 days 00:01:51.769000,111.769,0 days 00:00:32.260000,0 days 00:00:49.592000,0 days 00:00:29.917000,SOFT,19.0,1.0,,,14.0,False,1
VAN,2,McLaren,19.0,0 days 00:01:52.122000,112.122,0 days 00:00:32.330000,0 days 00:00:49.782000,0 days 00:00:30.010000,MEDIUM,17.0,2.0,,,15.0,True,1
RIC,3,Red Bull Racing,19.0,0 days 00:01:49.644000,109.644,0 days 00:00:31.483000,0 days 00:00:48.828000,0 days 00:00:29.333000,SOFT,18.0,1.0,,,16.0,False,1
VET,5,Ferrari,20.0,0 days 00:01:48.781000,108.781,0 days 00:00:31.581000,0 days 00:00:47.934000,0 days 00:00:29.266000,SUPERSOFT,22.0,1.0,,,1.0,False,1
HAM,44,Mercedes,20.0,0 days 00:01:48.736000,108.736,0 days 00:00:31.550000,0 days 00:00:47.849000,0 days 00:00:29.337000,SUPERSOFT,23.0,1.0,,,2.0,False,1
VER,33,Red Bull Racing,20.0,0 days 00:01:48.937000,108.937,0 days 00:00:31.591000,0 days 00:00:47.910000,0 days 00:00:29.436000,SUPERSOFT,23.0,1.0,,,3.0,False,1
PER,11,Racing Point,20.0,0 days 00:01:50.092000,110.092,0 days 00:00:31.685000,0 days 00:00:48.917000,0 days 00:00:29.490000,SUPERSOFT,23.0,1.0,,,4.0,True,1
OCO,31,Racing Point,20.0,0 days 00:01:50.339000,110.339,0 days 00:00:31.657000,0 days 00:00:49.212000,0 days 00:00:29.470000,SUPERSOFT,23.0,1.0,,,5.0,True,1
GRO,8,Haas F1 Team,20.0,0 days 00:01:50.609000,110.609,0 days 00:00:32.118000,0 days 00:00:48.434000,0 days 00:00:30.057000,SUPERSOFT,23.0,1.0,,,6.0,False,1
MAG,20,Haas F1 Team,20.0,0 days 00:01:50.487000,110.487,0 days 00:00:31.860000,0 days 00:00:48.642000,0 days 00:00:29.985000,SUPERSOFT,23.0,1.0,,,7.0,True,1
BOT,77,Mercedes,20.0,0 days 00:01:49.922000,109.922,0 days 00:00:31.378000,0 days 00:00:49.004000,0 days 00:00:29.540000,SUPERSOFT,18.0,2.0,,,8.0,False,1
GAS,10,Toro Rosso,20.0,0 days 00:01:52.237000,112.237,0 days 00:00:32.042000,0 days 00:00:50.336000,0 days 00:00:29.859000,SUPERSOFT,20.0,1.0,,,9.0,False,1
ERI,9,Sauber,20.0,0 days 00:01:51.232000,111.232,0 days 00:00:32.094000,0 days 00:00:49.330000,0 days 00:00:29.808000,SOFT,20.0,1.0,,,10.0,False,1
SIR,35,Williams,20.0,0 days 00:01:51.300000,111.3,0 days 00:00:32.239000,0 days 00:00:49.108000,0 days 00:00:29.953000,SOFT,20.0,1.0,,,11.0,False,1
STR,18,Williams,20.0,0 days 00:01:51.366000,111.366,0 days 00:00:32.113000,0 days 00:00:49.450000,0 days 00:00:29.803000,SOFT,20.0,1.0,,,12.0,True,1
SAI,55,Renault,20.0,0 days 00:01:51.617000,111.617,0 days 00:00:31.455000,0 days 00:00:50.499000,0 days 00:00:29.663000,MEDIUM,20.0,1.0,,,13.0,False,1
HAR,28,Toro Rosso,20.0,0 days 00:01:51.835000,111.835,0 days 00:00:32.252000,0 days 00:00:49.628000,0 days 00:00:29.955000,SOFT,20.0,1.0,,,14.0,False,1
VAN,2,McLaren,20.0,0 days 00:01:51.846000,111.846,0 days 00:00:32.237000,0 days 00:00:49.603000,0 days 00:00:30.006000,MEDIUM,18.0,2.0,,,15.0,True,1
RIC,3,Red Bull Racing,20.0,0 days 00:01:50.130000,110.13,0 days 00:00:31.412000,0 days 00:00:49.108000,0 days 00:00:29.610000,SOFT,19.0,1.0,,,16.0,False,1
VET,5,Ferrari,21.0,0 days 00:01:48.710000,108.71,0 days 00:00:31.494000,0 days 00:00:47.932000,0 days 00:00:29.284000,SUPERSOFT,23.0,1.0,,,1.0,False,1
HAM,44,Mercedes,21.0,0 days 00:01:53.411000,113.411,0 days 00:00:31.499000,0 days 00:00:48.179000,0 days 00:00:33.733000,SUPERSOFT,24.0,1.0,,0 days 01:00:48.913000,2.0,False,1
VER,33,Red Bull Racing,21.0,0 days 00:01:48.953000,108.953,0 days 00:00:31.710000,0 days 00:00:47.870000,0 days 00:00:29.373000,SUPERSOFT,24.0,1.0,,,3.0,False,1
PER,11,Racing Point,21.0,0 days 00:01:50.108000,110.108,0 days 00:00:31.714000,0 days 00:00:48.937000,0 days 00:00:29.457000,SUPERSOFT,24.0,1.0,,,4.0,False,1
OCO,31,Racing Point,21.0,0 days 00:01:50.199000,110.199,0 days 00:00:31.628000,0 days 00:00:49.153000,0 days 00:00:29.418000,SUPERSOFT,24.0,1.0,,,5.0,True,1
GRO,8,Haas F1 Team,21.0,0 days 00:01:50.528000,110.528,0 days 00:00:32.037000,0 days 00:00:48.589000,0 days 00:00:29.902000,SUPERSOFT,24.0,1.0,,,6.0,True,1
MAG,20,Haas F1 Team,21.0,0 days 00:01:50.403000,110.403,0 days 00:00:31.863000,0 days 00:00:48.692000,0 days 00:00:29.848000,SUPERSOFT,24.0,1.0,,,7.0,True,1
BOT,77,Mercedes,21.0,0 days 00:01:49.817000,109.817,0 days 00:00:31.174000,0 days 00:00:49.402000,0 days 00:00:29.241000,SUPERSOFT,19.0,2.0,,,8.0,False,1
GAS,10,Toro Rosso,21.0,0 days 00:01:50.697000,110.697,0 days 00:00:31.776000,0 days 00:00:49.242000,0 days 00:00:29.679000,SUPERSOFT,21.0,1.0,,,9.0,False,1
ERI,9,Sauber,21.0,0 days 00:01:51.130000,111.13,0 days 00:00:31.955000,0 days 00:00:49.323000,0 days 00:00:29.852000,SOFT,21.0,1.0,,,10.0,False,1
SIR,35,Williams,21.0,0 days 00:01:51.407000,111.407,0 days 00:00:32.294000,0 days 00:00:49.170000,0 days 00:00:29.943000,SOFT,21.0,1.0,,,11.0,False,1
STR,18,Williams,21.0,0 days 00:01:51.286000,111.286,0 days 00:00:32.146000,0 days 00:00:49.331000,0 days 00:00:29.809000,SOFT,21.0,1.0,,,12.0,True,1
SAI,55,Renault,21.0,0 days 00:01:51.654000,111.654,0 days 00:00:31.593000,0 days 00:00:50.264000,0 days 00:00:29.797000,MEDIUM,21.0,1.0,,,13.0,False,1
HAR,28,Toro Rosso,21.0,0 days 00:01:51.178000,111.178,0 days 00:00:32.187000,0 days 00:00:49.093000,0 days 00:00:29.898000,SOFT,21.0,1.0,,,14.0,True,1
VAN,2,McLaren,21.0,0 days 00:01:51.764000,111.764,0 days 00:00:32.285000,0 days 00:00:49.454000,0 days 00:00:30.025000,MEDIUM,19.0,2.0,,,15.0,True,1
RIC,3,Red Bull Racing,21.0,0 days 00:01:50.178000,110.178,0 days 00:00:31.298000,0 days 00:00:49.577000,0 days 00:00:29.303000,SOFT,20.0,1.0,,,16.0,False,1
VET,5,Ferrari,22.0,0 days 00:01:52.901000,112.901,0 days 00:00:31.622000,0 days 00:00:47.804000,0 days 00:00:33.475000,SUPERSOFT,24.0,1.0,,0 days 01:02:33.922000,1.0,False,1
VER,33,Red Bull Racing,22.0,0 days 00:01:49.194000,109.194,0 days 00:00:32.021000,0 days 00:00:47.782000,0 days 00:00:29.391000,SUPERSOFT,25.0,1.0,,,2.0,False,1
HAM,44,Mercedes,22.0,0 days 00:01:59.902000,119.902,0 days 00:00:44.885000,0 days 00:00:46.211000,0 days 00:00:28.806000,SOFT,1.0,2.0,0 days 01:01:11.181000,,3.0,False,1
PER,11,Racing Point,22.0,0 days 00:01:50.248000,110.248,0 days 00:00:31.664000,0 days 00:00:49.029000,0 days 00:00:29.555000,SUPERSOFT,25.0,1.0,,,4.0,False,1
OCO,31,Racing Point,22.0,0 days 00:01:50.448000,110.448,0 days 00:00:31.578000,0 days 00:00:49.388000,0 days 00:00:29.482000,SUPERSOFT,25.0,1.0,,,5.0,False,1
GRO,8,Haas F1 Team,22.0,0 days 00:01:50.593000,110.593,0 days 00:00:32.067000,0 days 00:00:48.584000,0 days 00:00:29.942000,SUPERSOFT,25.0,1.0,,,6.0,False,1
BOT,77,Mercedes,22.0,0 days 00:01:49.654000,109.654,0 days 00:00:31.250000,0 days 00:00:49.020000,0 days 00:00:29.384000,SUPERSOFT,20.0,2.0,,,7.0,False,1
MAG,20,Haas F1 Team,22.0,0 days 00:01:52.533000,112.533,0 days 00:00:31.973000,0 days 00:00:50.716000,0 days 00:00:29.844000,SUPERSOFT,25.0,1.0,,,8.0,False,1
GAS,10,Toro Rosso,22.0,0 days 00:01:50.766000,110.766,0 days 00:00:32.029000,0 days 00:00:48.999000,0 days 00:00:29.738000,SUPERSOFT,22.0,1.0,,,9.0,False,1
ERI,9,Sauber,22.0,0 days 00:01:51.024000,111.024,0 days 00:00:32.194000,0 days 00:00:49.015000,0 days 00:00:29.815000,SOFT,22.0,1.0,,,10.0,False,1
SIR,35,Williams,22.0,0 days 00:01:51.538000,111.538,0 days 00:00:32.299000,0 days 00:00:49.234000,0 days 00:00:30.005000,SOFT,22.0,1.0,,,11.0,False,1
STR,18,Williams,22.0,0 days 00:01:51.323000,111.323,0 days 00:00:32.089000,0 days 00:00:49.386000,0 days 00:00:29.848000,SOFT,22.0,1.0,,,12.0,False,1
HAR,28,Toro Rosso,22.0,0 days 00:01:51.454000,111.454,0 days 00:00:32.177000,0 days 00:00:49.363000,0 days 00:00:29.914000,SOFT,22.0,1.0,,,13.0,False,1
SAI,55,Renault,22.0,0 days 00:01:56.155000,116.155,0 days 00:00:31.763000,0 days 00:00:50.271000,0 days 00:00:34.121000,MEDIUM,22.0,1.0,,0 days 01:03:45.427000,14.0,False,1
VAN,2,McLaren,22.0,0 days 00:01:52.023000,112.023,0 days 00:00:32.263000,0 days 00:00:49.675000,0 days 00:00:30.085000,MEDIUM,20.0,2.0,,,15.0,False,1
RIC,3,Red Bull Racing,22.0,0 days 00:01:49.334000,109.334,0 days 00:00:31.070000,0 days 00:00:48.747000,0 days 00:00:29.517000,SOFT,21.0,1.0,,,16.0,True,1
VET,5,Ferrari,23.0,0 days 00:01:59.728000,119.728,0 days 00:00:44.663000,0 days 00:00:46.263000,0 days 00:00:28.802000,SOFT,1.0,2.0,0 days 01:02:56.048000,,1.0,False,1
HAM,44,Mercedes,23.0,0 days 00:01:46.721000,106.721,0 days 00:00:30.653000,0 days 00:00:47.116000,0 days 00:00:28.952000,SOFT,2.0,2.0,,,2.0,True,1
VER,33,Red Bull Racing,23.0,0 days 00:01:50.278000,110.278,0 days 00:00:31.468000,0 days 00:00:49.374000,0 days 00:00:29.436000,SUPERSOFT,26.0,1.0,,,3.0,False,1
PER,11,Racing Point,23.0,0 days 00:01:49.829000,109.829,0 days 00:00:31.696000,0 days 00:00:48.634000,0 days 00:00:29.499000,SUPERSOFT,26.0,1.0,,,4.0,True,1
OCO,31,Racing Point,23.0,0 days 00:01:50.439000,110.439,0 days 00:00:31.686000,0 days 00:00:49.264000,0 days 00:00:29.489000,SUPERSOFT,26.0,1.0,,,5.0,False,1
BOT,77,Mercedes,23.0,0 days 00:01:48.917000,108.917,0 days 00:00:31.586000,0 days 00:00:48.079000,0 days 00:00:29.252000,SUPERSOFT,21.0,2.0,,,6.0,True,1
GRO,8,Haas F1 Team,23.0,0 days 00:01:55.020000,115.02,0 days 00:00:32.029000,0 days 00:00:48.692000,0 days 00:00:34.299000,SUPERSOFT,26.0,1.0,,0 days 01:05:11.855000,7.0,False,1
MAG,20,Haas F1 Team,23.0,0 days 00:01:50.732000,110.732,0 days 00:00:31.971000,0 days 00:00:48.932000,0 days 00:00:29.829000,SUPERSOFT,26.0,1.0,,,8.0,False,1
GAS,10,Toro Rosso,23.0,0 days 00:01:50.823000,110.823,0 days 00:00:32.049000,0 days 00:00:49.017000,0 days 00:00:29.757000,SUPERSOFT,23.0,1.0,,,9.0,False,1
ERI,9,Sauber,23.0,0 days 00:01:50.757000,110.757,0 days 00:00:32.124000,0 days 00:00:48.983000,0 days 00:00:29.650000,SOFT,23.0,1.0,,,10.0,True,1
SIR,35,Williams,23.0,0 days 00:01:51.415000,111.415,0 days 00:00:32.318000,0 days 00:00:49.225000,0 days 00:00:29.872000,SOFT,23.0,1.0,,,11.0,False,1
HAR,28,Toro Rosso,23.0,0 days 00:01:51.240000,111.24,0 days 00:00:32.322000,0 days 00:00:48.998000,0 days 00:00:29.920000,SOFT,23.0,1.0,,,12.0,False,1
STR,18,Williams,23.0,0 days 00:01:55.687000,115.687,0 days 00:00:32.050000,0 days 00:00:49.559000,0 days 00:00:34.078000,SOFT,23.0,1.0,,0 days 01:05:34.405000,13.0,False,1
VAN,2,McLaren,23.0,0 days 00:01:51.752000,111.752,0 days 00:00:32.299000,0 days 00:00:49.428000,0 days 00:00:30.025000,MEDIUM,21.0,2.0,,,14.0,True,1
SAI,55,Renault,23.0,0 days 00:02:03.971000,123.971,0 days 00:00:46.877000,0 days 00:00:47.957000,0 days 00:00:29.137000,SUPERSOFT,1.0,2.0,0 days 01:04:09.179000,,15.0,False,1
RIC,3,Red Bull Racing,23.0,0 days 00:01:49.618000,109.618,0 days 00:00:31.671000,0 days 00:00:48.539000,0 days 00:00:29.408000,SOFT,22.0,1.0,,,16.0,False,1
VET,5,Ferrari,24.0,0 days 00:01:46.743000,106.743,0 days 00:00:31.384000,0 days 00:00:46.496000,0 days 00:00:28.863000,SOFT,2.0,2.0,,,1.0,True,1
HAM,44,Mercedes,24.0,0 days 00:01:46.902000,106.902,0 days 00:00:31.156000,0 days 00:00:46.762000,0 days 00:00:28.984000,SOFT,3.0,2.0,,,2.0,False,1
VER,33,Red Bull Racing,24.0,0 days 00:01:48.756000,108.756,0 days 00:00:31.647000,0 days 00:00:47.815000,0 days 00:00:29.294000,SUPERSOFT,27.0,1.0,,,3.0,True,1
PER,11,Racing Point,24.0,0 days 00:01:49.729000,109.729,0 days 00:00:31.612000,0 days 00:00:48.768000,0 days 00:00:29.349000,SUPERSOFT,27.0,1.0,,,4.0,True,1
OCO,31,Racing Point,24.0,0 days 00:01:54.416000,114.416,0 days 00:00:31.577000,0 days 00:00:49.137000,0 days 00:00:33.702000,SUPERSOFT,27.0,1.0,,0 days 01:06:55.302000,5.0,False,1
BOT,77,Mercedes,24.0,0 days 00:01:48.900000,108.9,0 days 00:00:31.645000,0 days 00:00:47.866000,0 days 00:00:29.389000,SUPERSOFT,22.0,2.0,,,6.0,True,1
MAG,20,Haas F1 Team,24.0,0 days 00:01:52.078000,112.078,0 days 00:00:31.952000,0 days 00:00:50.187000,0 days 00:00:29.939000,SUPERSOFT,27.0,1.0,,,7.0,False,1
GAS,10,Toro Rosso,24.0,0 days 00:01:50.822000,110.822,0 days 00:00:32.071000,0 days 00:00:48.938000,0 days 00:00:29.813000,SUPERSOFT,24.0,1.0,,,8.0,False,1
ERI,9,Sauber,24.0,0 days 00:01:50.998000,110.998,0 days 00:00:32.130000,0 days 00:00:49.041000,0 days 00:00:29.827000,SOFT,24.0,1.0,,,9.0,False,1
GRO,8,Haas F1 Team,24.0,0 days 00:02:03.178000,123.178,0 days 00:00:46.038000,0 days 00:00:47.576000,0 days 00:00:29.564000,SUPERSOFT,4.0,2.0,0 days 01:05:34.373000,,10.0,False,1
SIR,35,Williams,24.0,0 days 00:01:55.243000,115.243,0 days 00:00:32.015000,0 days 00:00:49.290000,0 days 00:00:33.938000,SOFT,24.0,1.0,,0 days 01:07:23.399000,11.0,False,1
HAR,28,Toro Rosso,24.0,0 days 00:01:50.818000,110.818,0 days 00:00:32.302000,0 days 00:00:48.706000,0 days 00:00:29.810000,SOFT,24.0,1.0,,,12.0,True,1
VAN,2,McLaren,24.0,0 days 00:01:51.897000,111.897,0 days 00:00:32.303000,0 days 00:00:49.507000,0 days 00:00:30.087000,MEDIUM,22.0,2.0,,,13.0,False,1
SAI,55,Renault,24.0,0 days 00:01:48.771000,108.771,0 days 00:00:30.905000,0 days 00:00:48.540000,0 days 00:00:29.326000,SUPERSOFT,2.0,2.0,,,14.0,True,1
STR,18,Williams,24.0,0 days 00:02:04.658000,124.658,0 days 00:00:45.940000,0 days 00:00:49.576000,0 days 00:00:29.142000,SUPERSOFT,1.0,2.0,0 days 01:05:57.252000,,15.0,False,1
RIC,3,Red Bull Racing,24.0,0 days 00:01:49.365000,109.365,0 days 00:00:31.682000,0 days 00:00:48.350000,0 days 00:00:29.333000,SOFT,23.0,1.0,,,16.0,False,1
VET,5,Ferrari,25.0,0 days 00:01:46.644000,106.644,0 days 00:00:31.307000,0 days 00:00:46.518000,0 days 00:00:28.819000,SOFT,3.0,2.0,,,1.0,True,1
HAM,44,Mercedes,25.0,0 days 00:01:46.856000,106.856,0 days 00:00:31.216000,0 days 00:00:46.632000,0 days 00:00:29.008000,SOFT,4.0,2.0,,,2.0,False,1
VER,33,Red Bull Racing,25.0,0 days 00:01:48.536000,108.536,0 days 00:00:31.606000,0 days 00:00:47.743000,0 days 00:00:29.187000,SUPERSOFT,28.0,1.0,,,3.0,True,1
PER,11,Racing Point,25.0,0 days 00:01:54.655000,114.655,0 days 00:00:31.730000,0 days 00:00:48.987000,0 days 00:00:33.938000,SUPERSOFT,28.0,1.0,,0 days 01:08:39.450000,4.0,False,1
BOT,77,Mercedes,25.0,0 days 00:01:48.482000,108.482,0 days 00:00:31.732000,0 days 00:00:47.597000,0 days 00:00:29.153000,SUPERSOFT,23.0,2.0,,,5.0,True,1
MAG,20,Haas F1 Team,25.0,0 days 00:01:50.858000,110.858,0 days 00:00:31.850000,0 days 00:00:49.023000,0 days 00:00:29.985000,SUPERSOFT,28.0,1.0,,,6.0,False,1
OCO,31,Racing Point,25.0,0 days 00:02:03.773000,123.773,0 days 00:00:45.559000,0 days 00:00:49.280000,0 days 00:00:28.934000,SOFT,1.0,2.0,0 days 01:07:18.414000,,7.0,False,1
ERI,9,Sauber,25.0,0 days 00:01:50.997000,110.997,0 days 00:00:31.766000,0 days 00:00:49.486000,0 days 00:00:29.745000,SOFT,25.0,1.0,,,8.0,False,1
GRO,8,Haas F1 Team,25.0,0 days 00:01:48.968000,108.968,0 days 00:00:31.698000,0 days 00:00:47.836000,0 days 00:00:29.434000,SUPERSOFT,5.0,2.0,,,9.0,True,1
GAS,10,Toro Rosso,25.0,0 days 00:01:55.530000,115.53,0 days 00:00:32.145000,0 days 00:00:49.107000,0 days 00:00:34.278000,SUPERSOFT,25.0,1.0,,0 days 01:09:03.670000,10.0,False,1
HAR,28,Toro Rosso,25.0,0 days 00:01:50.624000,110.624,0 days 00:00:32.329000,0 days 00:00:48.467000,0 days 00:00:29.828000,SOFT,25.0,1.0,,,11.0,True,1
SIR,35,Williams,25.0,0 days 00:02:03.550000,123.55,0 days 00:00:45.160000,0 days 00:00:49.015000,0 days 00:00:29.375000,SUPERSOFT,1.0,2.0,0 days 01:07:45.587000,,12.0,False,1
VAN,2,McLaren,25.0,0 days 00:01:52.523000,112.523,0 days 00:00:32.359000,0 days 00:00:49.501000,0 days 00:00:30.663000,MEDIUM,23.0,2.0,,,13.0,False,1
SAI,55,Renault,25.0,0 days 00:01:50.137000,110.137,0 days 00:00:31.477000,0 days 00:00:49.146000,0 days 00:00:29.514000,SUPERSOFT,3.0,2.0,,,14.0,False,1
STR,18,Williams,25.0,0 days 00:01:50.365000,110.365,0 days 00:00:31.323000,0 days 00:00:49.530000,0 days 00:00:29.512000,SUPERSOFT,2.0,2.0,,,15.0,True,1
RIC,3,Red Bull Racing,25.0,0 days 00:01:50.856000,110.856,0 days 00:00:31.611000,0 days 00:00:48.298000,0 days 00:00:30.947000,SOFT,24.0,1.0,,,16.0,False,1
VET,5,Ferrari,26.0,0 days 00:01:47.027000,107.027,0 days 00:00:31.364000,0 days 00:00:46.641000,0 days 00:00:29.022000,SOFT,4.0,2.0,,,1.0,False,1
HAM,44,Mercedes,26.0,0 days 00:01:47.958000,107.958,0 days 00:00:31.150000,0 days 00:00:47.632000,0 days 00:00:29.176000,SOFT,5.0,2.0,,,2.0,False,1
VER,33,Red Bull Racing,26.0,0 days 00:01:53.013000,113.013,0 days 00:00:31.471000,0 days 00:00:47.786000,0 days 00:00:33.756000,SUPERSOFT,29.0,1.0,,0 days 01:10:08.725000,3.0,False,1
BOT,77,Mercedes,26.0,0 days 00:01:48.804000,108.804,0 days 00:00:31.637000,0 days 00:00:47.939000,0 days 00:00:29.228000,SUPERSOFT,24.0,2.0,,,4.0,False,1
PER,11,Racing Point,26.0,0 days 00:02:03.182000,123.182,0 days 00:00:45.640000,0 days 00:00:48.617000,0 days 00:00:28.925000,SOFT,1.0,2.0,0 days 01:09:02.500000,,5.0,False,1
OCO,31,Racing Point,26.0,0 days 00:01:49.058000,109.058,0 days 00:00:31.374000,0 days 00:00:48.658000,0 days 00:00:29.026000,SOFT,2.0,2.0,,,6.0,True,1
MAG,20,Haas F1 Team,26.0,0 days 00:01:55.135000,115.135,0 days 00:00:32.221000,0 days 00:00:48.968000,0 days 00:00:33.946000,SUPERSOFT,29.0,1.0,,0 days 01:10:50.306000,7.0,False,1
GRO,8,Haas F1 Team,26.0,0 days 00:01:48.979000,108.979,0 days 00:00:31.515000,0 days 00:00:47.896000,0 days 00:00:29.568000,SUPERSOFT,6.0,2.0,,,8.0,False,1
ERI,9,Sauber,26.0,0 days 00:01:54.739000,114.739,0 days 00:00:32.063000,0 days 00:00:48.581000,0 days 00:00:34.095000,SOFT,26.0,1.0,,0 days 01:10:55.994000,9.0,False,1
GAS,10,Toro Rosso,26.0,0 days 00:02:03.514000,123.514,0 days 00:00:46.105000,0 days 00:00:48.066000,0 days 00:00:29.343000,SOFT,1.0,2.0,0 days 01:09:26.486000,,10.0,False,1
HAR,28,Toro Rosso,26.0,0 days 00:01:54.222000,114.222,0 days 00:00:32.409000,0 days 00:00:52.022000,0 days 00:00:29.791000,SOFT,26.0,1.0,,,11.0,False,1
SIR,35,Williams,26.0,0 days 00:01:49.403000,109.403,0 days 00:00:31.999000,0 days 00:00:47.955000,0 days 00:00:29.449000,SUPERSOFT,2.0,2.0,,,12.0,True,1
SAI,55,Renault,26.0,0 days 00:01:49.531000,109.531,0 days 00:00:30.811000,0 days 00:00:49.329000,0 days 00:00:29.391000,SUPERSOFT,4.0,2.0,,,13.0,False,1
STR,18,Williams,26.0,0 days 00:01:51.321000,111.321,0 days 00:00:31.539000,0 days 00:00:50.359000,0 days 00:00:29.423000,SUPERSOFT,3.0,2.0,,,14.0,False,1
VAN,2,McLaren,26.0,0 days 00:01:53.896000,113.896,0 days 00:00:31.844000,0 days 00:00:51.412000,0 days 00:00:30.640000,MEDIUM,24.0,2.0,,,15.0,False,1
RIC,3,Red Bull Racing,26.0,0 days 00:01:50.070000,110.07,0 days 00:00:31.290000,0 days 00:00:49.407000,0 days 00:00:29.373000,SOFT,25.0,1.0,,,16.0,False,1
VET,5,Ferrari,27.0,0 days 00:01:47.052000,107.052,0 days 00:00:31.298000,0 days 00:00:46.749000,0 days 00:00:29.005000,SOFT,5.0,2.0,,,1.0,False,1
HAM,44,Mercedes,27.0,0 days 00:01:47.687000,107.687,0 days 00:00:31.245000,0 days 00:00:47.257000,0 days 00:00:29.185000,SOFT,6.0,2.0,,,2.0,False,1
VER,33,Red Bull Racing,27.0,0 days 00:02:00.763000,120.763,0 days 00:00:45.072000,0 days 00:00:46.754000,0 days 00:00:28.937000,SOFT,1.0,2.0,0 days 01:10:30.975000,,3.0,False,1
BOT,77,Mercedes,27.0,0 days 00:01:48.487000,108.487,0 days 00:00:31.478000,0 days 00:00:47.642000,0 days 00:00:29.367000,SUPERSOFT,25.0,2.0,,,4.0,False,1
PER,11,Racing Point,27.0,0 days 00:01:48.865000,108.865,0 days 00:00:31.025000,0 days 00:00:48.873000,0 days 00:00:28.967000,SOFT,2.0,2.0,,,5.0,True,1
OCO,31,Racing Point,27.0,0 days 00:01:48.917000,108.917,0 days 00:00:31.444000,0 days 00:00:48.395000,0 days 00:00:29.078000,SOFT,3.0,2.0,,,6.0,True,1
GRO,8,Haas F1 Team,27.0,0 days 00:01:49.051000,109.051,0 days 00:00:31.921000,0 days 00:00:47.508000,0 days 00:00:29.622000,SUPERSOFT,7.0,2.0,,,7.0,False,1
MAG,20,Haas F1 Team,27.0,0 days 00:02:03.618000,123.618,0 days 00:00:47.093000,0 days 00:00:47.246000,0 days 00:00:29.279000,SUPERSOFT,4.0,2.0,0 days 01:11:14.478000,,8.0,False,1
GAS,10,Toro Rosso,27.0,0 days 00:01:48.823000,108.823,0 days 00:00:31.460000,0 days 00:00:47.984000,0 days 00:00:29.379000,SOFT,2.0,2.0,,,9.0,True,1
HAR,28,Toro Rosso,27.0,0 days 00:01:50.476000,110.476,0 days 00:00:31.309000,0 days 00:00:49.027000,0 days 00:00:30.140000,SOFT,27.0,1.0,,,10.0,True,1
ERI,9,Sauber,27.0,0 days 00:02:04.533000,124.533,0 days 00:00:45.412000,0 days 00:00:49.297000,0 days 00:00:29.824000,SUPERSOFT,1.0,2.0,0 days 01:11:18.557000,,11.0,False,1
SIR,35,Williams,27.0,0 days 00:01:49.212000,109.212,0 days 00:00:31.850000,0 days 00:00:47.749000,0 days 00:00:29.613000,SUPERSOFT,3.0,2.0,,,12.0,True,1
SAI,55,Renault,27.0,0 days 00:01:49.983000,109.983,0 days 00:00:31.559000,0 days 00:00:48.927000,0 days 00:00:29.497000,SUPERSOFT,5.0,2.0,,,13.0,False,1
STR,18,Williams,27.0,0 days 00:01:49.855000,109.855,0 days 00:00:31.653000,0 days 00:00:48.658000,0 days 00:00:29.544000,SUPERSOFT,4.0,2.0,,,14.0,True,1
VAN,2,McLaren,27.0,0 days 00:01:52.515000,112.515,0 days 00:00:32.114000,0 days 00:00:50.273000,0 days 00:00:30.128000,MEDIUM,25.0,2.0,,,15.0,False,1
RIC,3,Red Bull Racing,27.0,0 days 00:01:49.242000,109.242,0 days 00:00:31.476000,0 days 00:00:48.488000,0 days 00:00:29.278000,SOFT,26.0,1.0,,,16.0,True,1
VET,5,Ferrari,28.0,0 days 00:01:46.937000,106.937,0 days 00:00:31.205000,0 days 00:00:46.837000,0 days 00:00:28.895000,SOFT,6.0,2.0,,,1.0,False,1
HAM,44,Mercedes,28.0,0 days 00:01:47.565000,107.565,0 days 00:00:31.219000,0 days 00:00:47.263000,0 days 00:00:29.083000,SOFT,7.0,2.0,,,2.0,False,1
VER,33,Red Bull Racing,28.0,0 days 00:01:47.347000,107.347,0 days 00:00:31.482000,0 days 00:00:46.850000,0 days 00:00:29.015000,SOFT,2.0,2.0,,,3.0,True,1
BOT,77,Mercedes,28.0,0 days 00:01:48.253000,108.253,0 days 00:00:31.578000,0 days 00:00:47.560000,0 days 00:00:29.115000,SUPERSOFT,26.0,2.0,,,4.0,True,1
PER,11,Racing Point,28.0,0 days 00:01:48.786000,108.786,0 days 00:00:31.380000,0 days 00:00:48.253000,0 days 00:00:29.153000,SOFT,3.0,2.0,,,5.0,True,1
OCO,31,Racing Point,28.0,0 days 00:01:48.722000,108.722,0 days 00:00:31.364000,0 days 00:00:48.281000,0 days 00:00:29.077000,SOFT,4.0,2.0,,,6.0,True,1
GRO,8,Haas F1 Team,28.0,0 days 00:01:48.952000,108.952,0 days 00:00:31.791000,0 days 00:00:47.479000,0 days 00:00:29.682000,SUPERSOFT,8.0,2.0,,,7.0,True,1
MAG,20,Haas F1 Team,28.0,0 days 00:01:48.244000,108.244,0 days 00:00:31.725000,0 days 00:00:47.075000,0 days 00:00:29.444000,SUPERSOFT,5.0,2.0,,,8.0,True,1
GAS,10,Toro Rosso,28.0,0 days 00:01:48.842000,108.842,0 days 00:00:31.702000,0 days 00:00:47.751000,0 days 00:00:29.389000,SOFT,3.0,2.0,,,9.0,False,1
HAR,28,Toro Rosso,28.0,0 days 00:01:51.381000,111.381,0 days 00:00:32.230000,0 days 00:00:49.107000,0 days 00:00:30.044000,SOFT,28.0,1.0,,,10.0,False,1
ERI,9,Sauber,28.0,0 days 00:01:51.594000,111.594,0 days 00:00:32.126000,0 days 00:00:49.707000,0 days 00:00:29.761000,SUPERSOFT,2.0,2.0,,,11.0,False,1
SIR,35,Williams,28.0,0 days 00:01:49.884000,109.884,0 days 00:00:31.961000,0 days 00:00:48.225000,0 days 00:00:29.698000,SUPERSOFT,4.0,2.0,,,12.0,False,1
SAI,55,Renault,28.0,0 days 00:01:50.328000,110.328,0 days 00:00:31.736000,0 days 00:00:48.933000,0 days 00:00:29.659000,SUPERSOFT,6.0,2.0,,,13.0,False,1
STR,18,Williams,28.0,0 days 00:01:49.753000,109.753,0 days 00:00:31.868000,0 days 00:00:48.353000,0 days 00:00:29.532000,SUPERSOFT,5.0,2.0,,,14.0,True,1
VAN,2,McLaren,28.0,0 days 00:01:56.001000,116.001,0 days 00:00:32.159000,0 days 00:00:49.526000,0 days 00:00:34.316000,MEDIUM,26.0,2.0,,0 days 01:15:09.827000,15.0,False,1
RIC,3,Red Bull Racing,28.0,0 days 00:01:55.261000,115.261,0 days 00:00:31.652000,0 days 00:00:48.526000,0 days 00:00:35.083000,SOFT,27.0,1.0,,0 days 01:18:06.433000,16.0,False,1
VET,5,Ferrari,29.0,0 days 00:01:46.972000,106.972,0 days 00:00:31.286000,0 days 00:00:46.708000,0 days 00:00:28.978000,SOFT,7.0,2.0,,,1.0,False,1
HAM,44,Mercedes,29.0,0 days 00:01:47.403000,107.403,0 days 00:00:31.333000,0 days 00:00:46.990000,0 days 00:00:29.080000,SOFT,8.0,2.0,,,2.0,False,1
VER,33,Red Bull Racing,29.0,0 days 00:01:47.273000,107.273,0 days 00:00:31.546000,0 days 00:00:46.741000,0 days 00:00:28.986000,SOFT,3.0,2.0,,,3.0,True,1
BOT,77,Mercedes,29.0,0 days 00:01:52.864000,112.864,0 days 00:00:31.515000,0 days 00:00:47.792000,0 days 00:00:33.557000,SUPERSOFT,27.0,2.0,,0 days 01:16:03.877000,4.0,False,1
PER,11,Racing Point,29.0,0 days 00:01:48.103000,108.103,0 days 00:00:31.415000,0 days 00:00:47.644000,0 days 00:00:29.044000,SOFT,4.0,2.0,,,5.0,True,1
OCO,31,Racing Point,29.0,0 days 00:01:48.883000,108.883,0 days 00:00:31.401000,0 days 00:00:48.271000,0 days 00:00:29.211000,SOFT,5.0,2.0,,,6.0,False,1
GRO,8,Haas F1 Team,29.0,0 days 00:01:49.004000,109.004,0 days 00:00:31.905000,0 days 00:00:47.433000,0 days 00:00:29.666000,SUPERSOFT,9.0,2.0,,,7.0,False,1
MAG,20,Haas F1 Team,29.0,0 days 00:01:48.225000,108.225,0 days 00:00:31.763000,0 days 00:00:47.122000,0 days 00:00:29.340000,SUPERSOFT,6.0,2.0,,,8.0,True,1
GAS,10,Toro Rosso,29.0,0 days 00:01:49.169000,109.169,0 days 00:00:31.858000,0 days 00:00:47.788000,0 days 00:00:29.523000,SOFT,4.0,2.0,,,9.0,False,1
ERI,9,Sauber,29.0,0 days 00:01:49.011000,109.011,0 days 00:00:31.592000,0 days 00:00:47.968000,0 days 00:00:29.451000,SUPERSOFT,3.0,2.0,,,10.0,True,1
HAR,28,Toro Rosso,29.0,0 days 00:01:51.701000,111.701,0 days 00:00:32.228000,0 days 00:00:49.605000,0 days 00:00:29.868000,SOFT,29.0,1.0,,,11.0,False,1
SIR,35,Williams,29.0,0 days 00:01:49.817000,109.817,0 days 00:00:31.811000,0 days 00:00:48.380000,0 days 00:00:29.626000,SUPERSOFT,5.0,2.0,,,12.0,False,1
SAI,55,Renault,29.0,0 days 00:01:49.822000,109.822,0 days 00:00:31.690000,0 days 00:00:48.646000,0 days 00:00:29.486000,SUPERSOFT,7.0,2.0,,,13.0,False,1
STR,18,Williams,29.0,0 days 00:01:49.794000,109.794,0 days 00:00:31.838000,0 days 00:00:48.375000,0 days 00:00:29.581000,SUPERSOFT,6.0,2.0,,,14.0,False,1
VAN,2,McLaren,29.0,0 days 00:02:04.389000,124.389,0 days 00:00:46.437000,0 days 00:00:48.234000,0 days 00:00:29.718000,SUPERSOFT,1.0,3.0,0 days 01:15:33.233000,,15.0,False,1
VET,5,Ferrari,30.0,0 days 00:01:46.975000,106.975,0 days 00:00:31.244000,0 days 00:00:46.752000,0 days 00:00:28.979000,SOFT,8.0,2.0,,,1.0,False,1
HAM,44,Mercedes,30.0,0 days 00:01:47.096000,107.096,0 days 00:00:31.306000,0 days 00:00:46.650000,0 days 00:00:29.140000,SOFT,9.0,2.0,,,2.0,False,1
VER,33,Red Bull Racing,30.0,0 days 00:01:47.477000,107.477,0 days 00:00:31.481000,0 days 00:00:47.034000,0 days 00:00:28.962000,SOFT,4.0,2.0,,,3.0,False,1
PER,11,Racing Point,30.0,0 days 00:01:48.193000,108.193,0 days 00:00:31.531000,0 days 00:00:47.593000,0 days 00:00:29.069000,SOFT,5.0,2.0,,,4.0,False,1
OCO,31,Racing Point,30.0,0 days 00:01:49.011000,109.011,0 days 00:00:31.362000,0 days 00:00:48.560000,0 days 00:00:29.089000,SOFT,6.0,2.0,,,5.0,False,1
BOT,77,Mercedes,30.0,0 days 00:02:01.139000,121.139,0 days 00:00:45.082000,0 days 00:00:47.387000,0 days 00:00:28.670000,SOFT,6.0,3.0,0 days 01:16:26.159000,,6.0,False,1
GRO,8,Haas F1 Team,30.0,0 days 00:01:49.075000,109.075,0 days 00:00:31.716000,0 days 00:00:47.696000,0 days 00:00:29.663000,SUPERSOFT,10.0,2.0,,,7.0,False,1
MAG,20,Haas F1 Team,30.0,0 days 00:01:48.352000,108.352,0 days 00:00:31.760000,0 days 00:00:47.167000,0 days 00:00:29.425000,SUPERSOFT,7.0,2.0,,,8.0,False,1
GAS,10,Toro Rosso,30.0,0 days 00:01:48.897000,108.897,0 days 00:00:31.695000,0 days 00:00:47.751000,0 days 00:00:29.451000,SOFT,5.0,2.0,,,9.0,False,1
ERI,9,Sauber,30.0,0 days 00:01:49.383000,109.383,0 days 00:00:32.100000,0 days 00:00:47.716000,0 days 00:00:29.567000,SUPERSOFT,4.0,2.0,,,10.0,False,1
HAR,28,Toro Rosso,30.0,0 days 00:01:51.039000,111.039,0 days 00:00:32.261000,0 days 00:00:48.965000,0 days 00:00:29.813000,SOFT,30.0,1.0,,,11.0,False,1
SIR,35,Williams,30.0,0 days 00:01:50.337000,110.337,0 days 00:00:31.776000,0 days 00:00:48.981000,0 days 00:00:29.580000,SUPERSOFT,6.0,2.0,,,12.0,False,1
SAI,55,Renault,30.0,0 days 00:01:49.819000,109.819,0 days 00:00:31.736000,0 days 00:00:48.645000,0 days 00:00:29.438000,SUPERSOFT,8.0,2.0,,,13.0,False,1
STR,18,Williams,30.0,0 days 00:01:49.964000,109.964,0 days 00:00:31.972000,0 days 00:00:48.506000,0 days 00:00:29.486000,SUPERSOFT,7.0,2.0,,,14.0,False,1
VAN,2,McLaren,30.0,0 days 00:01:49.677000,109.677,0 days 00:00:32.068000,0 days 00:00:47.870000,0 days 00:00:29.739000,SUPERSOFT,2.0,3.0,,,15.0,True,1
VET,5,Ferrari,31.0,0 days 00:01:47.134000,107.134,0 days 00:00:31.378000,0 days 00:00:46.801000,0 days 00:00:28.955000,SOFT,9.0,2.0,,,1.0,False,1
HAM,44,Mercedes,31.0,0 days 00:01:47.317000,107.317,0 days 00:00:31.316000,0 days 00:00:46.969000,0 days 00:00:29.032000,SOFT,10.0,2.0,,,2.0,False,1
VER,33,Red Bull Racing,31.0,0 days 00:01:47.492000,107.492,0 days 00:00:31.527000,0 days 00:00:46.903000,0 days 00:00:29.062000,SOFT,5.0,2.0,,,3.0,False,1
PER,11,Racing Point,31.0,0 days 00:01:48.390000,108.39,0 days 00:00:31.595000,0 days 00:00:47.694000,0 days 00:00:29.101000,SOFT,6.0,2.0,,,4.0,False,1
OCO,31,Racing Point,31.0,0 days 00:01:48.848000,108.848,0 days 00:00:31.543000,0 days 00:00:48.170000,0 days 00:00:29.135000,SOFT,7.0,2.0,,,5.0,False,1
BOT,77,Mercedes,31.0,0 days 00:01:48.066000,108.066,0 days 00:00:31.297000,0 days 00:00:47.753000,0 days 00:00:29.016000,SOFT,7.0,3.0,,,6.0,True,1
GRO,8,Haas F1 Team,31.0,0 days 00:01:49.340000,109.34,0 days 00:00:31.859000,0 days 00:00:47.811000,0 days 00:00:29.670000,SUPERSOFT,11.0,2.0,,,7.0,False,1
MAG,20,Haas F1 Team,31.0,0 days 00:01:48.532000,108.532,0 days 00:00:31.839000,0 days 00:00:47.265000,0 days 00:00:29.428000,SUPERSOFT,8.0,2.0,,,8.0,False,1
GAS,10,Toro Rosso,31.0,0 days 00:01:49.136000,109.136,0 days 00:00:31.796000,0 days 00:00:47.821000,0 days 00:00:29.519000,SOFT,6.0,2.0,,,9.0,False,1
ERI,9,Sauber,31.0,0 days 00:01:49.951000,109.951,0 days 00:00:32.286000,0 days 00:00:48,0 days 00:00:29.665000,SUPERSOFT,5.0,2.0,,,10.0,False,1
SIR,35,Williams,31.0,0 days 00:01:50.931000,110.931,0 days 00:00:31.154000,0 days 00:00:50.141000,0 days 00:00:29.636000,SUPERSOFT,7.0,2.0,,,11.0,False,1
SAI,55,Renault,31.0,0 days 00:01:49.620000,109.62,0 days 00:00:31.445000,0 days 00:00:48.765000,0 days 00:00:29.410000,SUPERSOFT,9.0,2.0,,,12.0,False,1
HAR,28,Toro Rosso,31.0,0 days 00:01:55.360000,115.36,0 days 00:00:32.137000,0 days 00:00:48.941000,0 days 00:00:34.282000,SOFT,31.0,1.0,,0 days 01:20:30.195000,13.0,False,1
STR,18,Williams,31.0,0 days 00:01:49.934000,109.934,0 days 00:00:31.714000,0 days 00:00:48.543000,0 days 00:00:29.677000,SUPERSOFT,8.0,2.0,,,14.0,False,1
VAN,2,McLaren,31.0,0 days 00:01:50.036000,110.036,0 days 00:00:32.193000,0 days 00:00:48.004000,0 days 00:00:29.839000,SUPERSOFT,3.0,3.0,,,15.0,False,1
VET,5,Ferrari,32.0,0 days 00:01:47.168000,107.168,0 days 00:00:31.265000,0 days 00:00:46.856000,0 days 00:00:29.047000,SOFT,10.0,2.0,,,1.0,False,1
HAM,44,Mercedes,32.0,0 days 00:01:47.046000,107.046,0 days 00:00:31.262000,0 days 00:00:46.694000,0 days 00:00:29.090000,SOFT,11.0,2.0,,,2.0,False,1
VER,33,Red Bull Racing,32.0,0 days 00:01:47.371000,107.371,0 days 00:00:31.426000,0 days 00:00:46.935000,0 days 00:00:29.010000,SOFT,6.0,2.0,,,3.0,False,1
PER,11,Racing Point,32.0,0 days 00:01:48.355000,108.355,0 days 00:00:31.510000,0 days 00:00:47.721000,0 days 00:00:29.124000,SOFT,7.0,2.0,,,4.0,False,1
BOT,77,Mercedes,32.0,0 days 00:01:46.286000,106.286,0 days 00:00:30.639000,0 days 00:00:46.697000,0 days 00:00:28.950000,SOFT,8.0,3.0,,,5.0,True,1
OCO,31,Racing Point,32.0,0 days 00:01:49.619000,109.619,0 days 00:00:31.480000,0 days 00:00:49.065000,0 days 00:00:29.074000,SOFT,8.0,2.0,,,6.0,False,1
GRO,8,Haas F1 Team,32.0,0 days 00:01:48.960000,108.96,0 days 00:00:31.838000,0 days 00:00:47.544000,0 days 00:00:29.578000,SUPERSOFT,12.0,2.0,,,7.0,False,1
MAG,20,Haas F1 Team,32.0,0 days 00:01:48.291000,108.291,0 days 00:00:31.811000,0 days 00:00:47.064000,0 days 00:00:29.416000,SUPERSOFT,9.0,2.0,,,8.0,False,1
GAS,10,Toro Rosso,32.0,0 days 00:01:49.215000,109.215,0 days 00:00:31.924000,0 days 00:00:47.734000,0 days 00:00:29.557000,SOFT,7.0,2.0,,,9.0,False,1
ERI,9,Sauber,32.0,0 days 00:01:49.072000,109.072,0 days 00:00:32.155000,0 days 00:00:47.400000,0 days 00:00:29.517000,SUPERSOFT,6.0,2.0,,,10.0,False,1
SAI,55,Renault,32.0,0 days 00:01:48.670000,108.67,0 days 00:00:31.028000,0 days 00:00:48.291000,0 days 00:00:29.351000,SUPERSOFT,10.0,2.0,,,11.0,True,1
SIR,35,Williams,32.0,0 days 00:01:51.363000,111.363,0 days 00:00:31.948000,0 days 00:00:49.855000,0 days 00:00:29.560000,SUPERSOFT,8.0,2.0,,,12.0,False,1
STR,18,Williams,32.0,0 days 00:01:49.916000,109.916,0 days 00:00:31.939000,0 days 00:00:48.363000,0 days 00:00:29.614000,SUPERSOFT,9.0,2.0,,,13.0,False,1
HAR,28,Toro Rosso,32.0,0 days 00:02:10.130000,130.13,0 days 00:00:52.681000,0 days 00:00:48.073000,0 days 00:00:29.376000,SUPERSOFT,1.0,2.0,0 days 01:20:59.024000,,14.0,False,1
VAN,2,McLaren,32.0,0 days 00:01:49.750000,109.75,0 days 00:00:31.987000,0 days 00:00:48.053000,0 days 00:00:29.710000,SUPERSOFT,4.0,3.0,,,15.0,False,1
VET,5,Ferrari,33.0,0 days 00:01:47.016000,107.016,0 days 00:00:31.267000,0 days 00:00:46.801000,0 days 00:00:28.948000,SOFT,11.0,2.0,,,1.0,False,1
HAM,44,Mercedes,33.0,0 days 00:01:47.341000,107.341,0 days 00:00:31.439000,0 days 00:00:46.887000,0 days 00:00:29.015000,SOFT,12.0,2.0,,,2.0,False,1
VER,33,Red Bull Racing,33.0,0 days 00:01:47.211000,107.211,0 days 00:00:31.421000,0 days 00:00:46.897000,0 days 00:00:28.893000,SOFT,7.0,2.0,,,3.0,True,1
PER,11,Racing Point,33.0,0 days 00:01:48.230000,108.23,0 days 00:00:31.461000,0 days 00:00:47.624000,0 days 00:00:29.145000,SOFT,8.0,2.0,,,4.0,False,1
BOT,77,Mercedes,33.0,0 days 00:01:47.011000,107.011,0 days 00:00:31.381000,0 days 00:00:46.729000,0 days 00:00:28.901000,SOFT,9.0,3.0,,,5.0,False,1
OCO,31,Racing Point,33.0,0 days 00:01:48.710000,108.71,0 days 00:00:31.376000,0 days 00:00:48.253000,0 days 00:00:29.081000,SOFT,9.0,2.0,,,6.0,True,1
GRO,8,Haas F1 Team,33.0,0 days 00:01:48.860000,108.86,0 days 00:00:31.856000,0 days 00:00:47.407000,0 days 00:00:29.597000,SUPERSOFT,13.0,2.0,,,7.0,True,1
MAG,20,Haas F1 Team,33.0,0 days 00:01:48.187000,108.187,0 days 00:00:31.807000,0 days 00:00:46.953000,0 days 00:00:29.427000,SUPERSOFT,10.0,2.0,,,8.0,True,1
GAS,10,Toro Rosso,33.0,0 days 00:01:48.937000,108.937,0 days 00:00:31.717000,0 days 00:00:47.622000,0 days 00:00:29.598000,SOFT,8.0,2.0,,,9.0,False,1
ERI,9,Sauber,33.0,0 days 00:01:49.183000,109.183,0 days 00:00:32.131000,0 days 00:00:47.439000,0 days 00:00:29.613000,SUPERSOFT,7.0,2.0,,,10.0,False,1
SAI,55,Renault,33.0,0 days 00:01:49.518000,109.518,0 days 00:00:31.836000,0 days 00:00:48.251000,0 days 00:00:29.431000,SUPERSOFT,11.0,2.0,,,11.0,False,1
SIR,35,Williams,33.0,0 days 00:01:50.217000,110.217,0 days 00:00:31.946000,0 days 00:00:48.485000,0 days 00:00:29.786000,SUPERSOFT,9.0,2.0,,,12.0,False,1
STR,18,Williams,33.0,0 days 00:01:49.937000,109.937,0 days 00:00:31.837000,0 days 00:00:48.368000,0 days 00:00:29.732000,SUPERSOFT,10.0,2.0,,,13.0,False,1
HAR,28,Toro Rosso,33.0,0 days 00:01:48.756000,108.756,0 days 00:00:31.956000,0 days 00:00:47.409000,0 days 00:00:29.391000,SUPERSOFT,2.0,2.0,,,14.0,True,1
VAN,2,McLaren,33.0,0 days 00:01:49.891000,109.891,0 days 00:00:32.082000,0 days 00:00:48.023000,0 days 00:00:29.786000,SUPERSOFT,5.0,3.0,,,15.0,False,1
VET,5,Ferrari,34.0,0 days 00:01:47.402000,107.402,0 days 00:00:31.175000,0 days 00:00:47.294000,0 days 00:00:28.933000,SOFT,12.0,2.0,,,1.0,False,1
HAM,44,Mercedes,34.0,0 days 00:01:47.223000,107.223,0 days 00:00:31.420000,0 days 00:00:46.713000,0 days 00:00:29.090000,SOFT,13.0,2.0,,,2.0,False,1
VER,33,Red Bull Racing,34.0,0 days 00:01:47.141000,107.141,0 days 00:00:31.368000,0 days 00:00:46.801000,0 days 00:00:28.972000,SOFT,8.0,2.0,,,3.0,True,1
PER,11,Racing Point,34.0,0 days 00:01:48.275000,108.275,0 days 00:00:31.496000,0 days 00:00:47.682000,0 days 00:00:29.097000,SOFT,9.0,2.0,,,4.0,False,1
BOT,77,Mercedes,34.0,0 days 00:01:47.240000,107.24,0 days 00:00:31.372000,0 days 00:00:46.820000,0 days 00:00:29.048000,SOFT,10.0,3.0,,,5.0,False,1
OCO,31,Racing Point,34.0,0 days 00:01:48.436000,108.436,0 days 00:00:31.288000,0 days 00:00:48.070000,0 days 00:00:29.078000,SOFT,10.0,2.0,,,6.0,True,1
GRO,8,Haas F1 Team,34.0,0 days 00:01:48.724000,108.724,0 days 00:00:31.904000,0 days 00:00:47.373000,0 days 00:00:29.447000,SUPERSOFT,14.0,2.0,,,7.0,True,1
MAG,20,Haas F1 Team,34.0,0 days 00:01:48.221000,108.221,0 days 00:00:31.769000,0 days 00:00:47.026000,0 days 00:00:29.426000,SUPERSOFT,11.0,2.0,,,8.0,False,1
GAS,10,Toro Rosso,34.0,0 days 00:01:49.122000,109.122,0 days 00:00:31.923000,0 days 00:00:47.709000,0 days 00:00:29.490000,SOFT,9.0,2.0,,,9.0,False,1
ERI,9,Sauber,34.0,0 days 00:01:48.878000,108.878,0 days 00:00:32.016000,0 days 00:00:47.183000,0 days 00:00:29.679000,SUPERSOFT,8.0,2.0,,,10.0,True,1
SAI,55,Renault,34.0,0 days 00:01:49.358000,109.358,0 days 00:00:31.764000,0 days 00:00:48.178000,0 days 00:00:29.416000,SUPERSOFT,12.0,2.0,,,11.0,False,1
SIR,35,Williams,34.0,0 days 00:01:50.854000,110.854,0 days 00:00:32.033000,0 days 00:00:48.292000,0 days 00:00:30.529000,SUPERSOFT,10.0,2.0,,,12.0,False,1
STR,18,Williams,34.0,0 days 00:01:50.907000,110.907,0 days 00:00:32.322000,0 days 00:00:48.983000,0 days 00:00:29.602000,SUPERSOFT,11.0,2.0,,,13.0,False,1
HAR,28,Toro Rosso,34.0,0 days 00:01:49.199000,109.199,0 days 00:00:31.978000,0 days 00:00:47.737000,0 days 00:00:29.484000,SUPERSOFT,3.0,2.0,,,14.0,False,1
VAN,2,McLaren,34.0,0 days 00:01:49.462000,109.462,0 days 00:00:32.005000,0 days 00:00:47.837000,0 days 00:00:29.620000,SUPERSOFT,6.0,3.0,,,15.0,True,1
VET,5,Ferrari,35.0,0 days 00:01:47.390000,107.39,0 days 00:00:31.063000,0 days 00:00:47.599000,0 days 00:00:28.728000,SOFT,13.0,2.0,,,1.0,False,1
HAM,44,Mercedes,35.0,0 days 00:01:47.283000,107.283,0 days 00:00:31.293000,0 days 00:00:46.897000,0 days 00:00:29.093000,SOFT,14.0,2.0,,,2.0,False,1
VER,33,Red Bull Racing,35.0,0 days 00:01:47.255000,107.255,0 days 00:00:31.348000,0 days 00:00:46.932000,0 days 00:00:28.975000,SOFT,9.0,2.0,,,3.0,False,1
PER,11,Racing Point,35.0,0 days 00:01:48.279000,108.279,0 days 00:00:31.420000,0 days 00:00:47.794000,0 days 00:00:29.065000,SOFT,10.0,2.0,,,4.0,False,1
BOT,77,Mercedes,35.0,0 days 00:01:47.470000,107.47,0 days 00:00:31.295000,0 days 00:00:47.195000,0 days 00:00:28.980000,SOFT,11.0,3.0,,,5.0,False,1
OCO,31,Racing Point,35.0,0 days 00:01:48.078000,108.078,0 days 00:00:31.324000,0 days 00:00:47.743000,0 days 00:00:29.011000,SOFT,11.0,2.0,,,6.0,True,1
GRO,8,Haas F1 Team,35.0,0 days 00:01:48.283000,108.283,0 days 00:00:31.691000,0 days 00:00:47.120000,0 days 00:00:29.472000,SUPERSOFT,15.0,2.0,,,7.0,True,1
MAG,20,Haas F1 Team,35.0,0 days 00:01:47.976000,107.976,0 days 00:00:31.616000,0 days 00:00:46.971000,0 days 00:00:29.389000,SUPERSOFT,12.0,2.0,,,8.0,True,1
GAS,10,Toro Rosso,35.0,0 days 00:01:48.940000,108.94,0 days 00:00:31.765000,0 days 00:00:47.673000,0 days 00:00:29.502000,SOFT,10.0,2.0,,,9.0,False,1
ERI,9,Sauber,35.0,0 days 00:01:48.694000,108.694,0 days 00:00:32.077000,0 days 00:00:47.186000,0 days 00:00:29.431000,SUPERSOFT,9.0,2.0,,,10.0,True,1
SAI,55,Renault,35.0,0 days 00:01:49.892000,109.892,0 days 00:00:31.628000,0 days 00:00:48.302000,0 days 00:00:29.962000,SUPERSOFT,13.0,2.0,,,11.0,False,1
SIR,35,Williams,35.0,0 days 00:01:49.353000,109.353,0 days 00:00:31.653000,0 days 00:00:48.166000,0 days 00:00:29.534000,SUPERSOFT,11.0,2.0,,,12.0,False,1
STR,18,Williams,35.0,0 days 00:01:50.206000,110.206,0 days 00:00:31.626000,0 days 00:00:48.456000,0 days 00:00:30.124000,SUPERSOFT,12.0,2.0,,,13.0,False,1
HAR,28,Toro Rosso,35.0,0 days 00:01:49.236000,109.236,0 days 00:00:31.933000,0 days 00:00:47.833000,0 days 00:00:29.470000,SUPERSOFT,4.0,2.0,,,14.0,False,1
VAN,2,McLaren,35.0,0 days 00:01:49.361000,109.361,0 days 00:00:31.956000,0 days 00:00:47.797000,0 days 00:00:29.608000,SUPERSOFT,7.0,3.0,,,15.0,True,1
VET,5,Ferrari,36.0,0 days 00:01:47.345000,107.345,0 days 00:00:31.102000,0 days 00:00:47.316000,0 days 00:00:28.927000,SOFT,14.0,2.0,,,1.0,False,1
HAM,44,Mercedes,36.0,0 days 00:01:47.397000,107.397,0 days 00:00:31.201000,0 days 00:00:47.193000,0 days 00:00:29.003000,SOFT,15.0,2.0,,,2.0,False,1
VER,33,Red Bull Racing,36.0,0 days 00:01:46.946000,106.946,0 days 00:00:31.218000,0 days 00:00:46.826000,0 days 00:00:28.902000,SOFT,10.0,2.0,,,3.0,True,1
PER,11,Racing Point,36.0,0 days 00:01:48.123000,108.123,0 days 00:00:31.422000,0 days 00:00:47.662000,0 days 00:00:29.039000,SOFT,11.0,2.0,,,4.0,False,1
BOT,77,Mercedes,36.0,0 days 00:01:48.157000,108.157,0 days 00:00:31.513000,0 days 00:00:47.545000,0 days 00:00:29.099000,SOFT,12.0,3.0,,,5.0,False,1
OCO,31,Racing Point,36.0,0 days 00:01:48.211000,108.211,0 days 00:00:31.336000,0 days 00:00:47.846000,0 days 00:00:29.029000,SOFT,12.0,2.0,,,6.0,False,1
GRO,8,Haas F1 Team,36.0,0 days 00:01:48.736000,108.736,0 days 00:00:31.833000,0 days 00:00:47.446000,0 days 00:00:29.457000,SUPERSOFT,16.0,2.0,,,7.0,False,1
MAG,20,Haas F1 Team,36.0,0 days 00:01:47.937000,107.937,0 days 00:00:31.731000,0 days 00:00:46.864000,0 days 00:00:29.342000,SUPERSOFT,13.0,2.0,,,8.0,True,1
GAS,10,Toro Rosso,36.0,0 days 00:01:48.588000,108.588,0 days 00:00:31.725000,0 days 00:00:47.401000,0 days 00:00:29.462000,SOFT,11.0,2.0,,,9.0,True,1
ERI,9,Sauber,36.0,0 days 00:01:48.737000,108.737,0 days 00:00:32.015000,0 days 00:00:47.161000,0 days 00:00:29.561000,SUPERSOFT,10.0,2.0,,,10.0,False,1
SAI,55,Renault,36.0,0 days 00:01:50.485000,110.485,0 days 00:00:32.168000,0 days 00:00:48.898000,0 days 00:00:29.419000,SUPERSOFT,14.0,2.0,,,11.0,False,1
SIR,35,Williams,36.0,0 days 00:01:49.300000,109.3,0 days 00:00:31.649000,0 days 00:00:48.122000,0 days 00:00:29.529000,SUPERSOFT,12.0,2.0,,,12.0,False,1
STR,18,Williams,36.0,0 days 00:01:49.522000,109.522,0 days 00:00:31.076000,0 days 00:00:48.964000,0 days 00:00:29.482000,SUPERSOFT,13.0,2.0,,,13.0,True,1
HAR,28,Toro Rosso,36.0,0 days 00:01:49.260000,109.26,0 days 00:00:31.910000,0 days 00:00:47.673000,0 days 00:00:29.677000,SUPERSOFT,5.0,2.0,,,14.0,False,1
VAN,2,McLaren,36.0,0 days 00:01:49.754000,109.754,0 days 00:00:31.940000,0 days 00:00:47.873000,0 days 00:00:29.941000,SUPERSOFT,8.0,3.0,,,15.0,False,1
VET,5,Ferrari,37.0,0 days 00:01:46.949000,106.949,0 days 00:00:31.208000,0 days 00:00:46.684000,0 days 00:00:29.057000,SOFT,15.0,2.0,,,1.0,False,1
HAM,44,Mercedes,37.0,0 days 00:01:47.588000,107.588,0 days 00:00:31.139000,0 days 00:00:47.269000,0 days 00:00:29.180000,SOFT,16.0,2.0,,,2.0,False,1
VER,33,Red Bull Racing,37.0,0 days 00:01:47.776000,107.776,0 days 00:00:31.048000,0 days 00:00:47.667000,0 days 00:00:29.061000,SOFT,11.0,2.0,,,3.0,False,1
PER,11,Racing Point,37.0,0 days 00:01:48.369000,108.369,0 days 00:00:31.496000,0 days 00:00:47.850000,0 days 00:00:29.023000,SOFT,12.0,2.0,,,4.0,False,1
BOT,77,Mercedes,37.0,0 days 00:01:46.994000,106.994,0 days 00:00:31.362000,0 days 00:00:46.808000,0 days 00:00:28.824000,SOFT,13.0,3.0,,,5.0,False,1
OCO,31,Racing Point,37.0,0 days 00:01:48.667000,108.667,0 days 00:00:31.412000,0 days 00:00:48.091000,0 days 00:00:29.164000,SOFT,13.0,2.0,,,6.0,False,1
GRO,8,Haas F1 Team,37.0,0 days 00:01:48.526000,108.526,0 days 00:00:31.836000,0 days 00:00:47.227000,0 days 00:00:29.463000,SUPERSOFT,17.0,2.0,,,7.0,False,1
MAG,20,Haas F1 Team,37.0,0 days 00:01:48.103000,108.103,0 days 00:00:31.692000,0 days 00:00:47.035000,0 days 00:00:29.376000,SUPERSOFT,14.0,2.0,,,8.0,False,1
GAS,10,Toro Rosso,37.0,0 days 00:01:48.971000,108.971,0 days 00:00:31.795000,0 days 00:00:47.520000,0 days 00:00:29.656000,SOFT,12.0,2.0,,,9.0,False,1
ERI,9,Sauber,37.0,0 days 00:01:48.719000,108.719,0 days 00:00:32.090000,0 days 00:00:47.220000,0 days 00:00:29.409000,SUPERSOFT,11.0,2.0,,,10.0,False,1
SAI,55,Renault,37.0,0 days 00:01:49.339000,109.339,0 days 00:00:31.480000,0 days 00:00:48.417000,0 days 00:00:29.442000,SUPERSOFT,15.0,2.0,,,11.0,False,1
SIR,35,Williams,37.0,0 days 00:01:50.392000,110.392,0 days 00:00:32.127000,0 days 00:00:48.909000,0 days 00:00:29.356000,SUPERSOFT,13.0,2.0,,,12.0,False,1
STR,18,Williams,37.0,0 days 00:01:49.365000,109.365,0 days 00:00:31.644000,0 days 00:00:48.403000,0 days 00:00:29.318000,SUPERSOFT,14.0,2.0,,,13.0,True,1
HAR,28,Toro Rosso,37.0,0 days 00:01:49.336000,109.336,0 days 00:00:32.077000,0 days 00:00:47.822000,0 days 00:00:29.437000,SUPERSOFT,6.0,2.0,,,14.0,False,1
VAN,2,McLaren,37.0,0 days 00:01:51.052000,111.052,0 days 00:00:32.591000,0 days 00:00:48.875000,0 days 00:00:29.586000,SUPERSOFT,9.0,3.0,,,15.0,False,1
VET,5,Ferrari,38.0,0 days 00:01:46.783000,106.783,0 days 00:00:31.207000,0 days 00:00:46.713000,0 days 00:00:28.863000,SOFT,16.0,2.0,,,1.0,False,1
HAM,44,Mercedes,38.0,0 days 00:01:47.607000,107.607,0 days 00:00:31.241000,0 days 00:00:47.274000,0 days 00:00:29.092000,SOFT,17.0,2.0,,,2.0,False,1
VER,33,Red Bull Racing,38.0,0 days 00:01:47.468000,107.468,0 days 00:00:31.358000,0 days 00:00:47.063000,0 days 00:00:29.047000,SOFT,12.0,2.0,,,3.0,False,1
PER,11,Racing Point,38.0,0 days 00:01:48.080000,108.08,0 days 00:00:31.429000,0 days 00:00:47.604000,0 days 00:00:29.047000,SOFT,13.0,2.0,,,4.0,True,1
BOT,77,Mercedes,38.0,0 days 00:01:47.438000,107.438,0 days 00:00:31.225000,0 days 00:00:47.290000,0 days 00:00:28.923000,SOFT,14.0,3.0,,,5.0,False,1
OCO,31,Racing Point,38.0,0 days 00:01:48.621000,108.621,0 days 00:00:31.532000,0 days 00:00:47.940000,0 days 00:00:29.149000,SOFT,14.0,2.0,,,6.0,False,1
GRO,8,Haas F1 Team,38.0,0 days 00:01:48.417000,108.417,0 days 00:00:31.827000,0 days 00:00:47.186000,0 days 00:00:29.404000,SUPERSOFT,18.0,2.0,,,7.0,False,1
MAG,20,Haas F1 Team,38.0,0 days 00:01:47.966000,107.966,0 days 00:00:31.732000,0 days 00:00:46.985000,0 days 00:00:29.249000,SUPERSOFT,15.0,2.0,,,8.0,False,1
GAS,10,Toro Rosso,38.0,0 days 00:01:48.900000,108.9,0 days 00:00:31.909000,0 days 00:00:47.588000,0 days 00:00:29.403000,SOFT,13.0,2.0,,,9.0,False,1
ERI,9,Sauber,38.0,0 days 00:01:49.020000,109.02,0 days 00:00:32.047000,0 days 00:00:47.364000,0 days 00:00:29.609000,SUPERSOFT,12.0,2.0,,,10.0,False,1
SAI,55,Renault,38.0,0 days 00:01:50.679000,110.679,0 days 00:00:32.053000,0 days 00:00:49.294000,0 days 00:00:29.332000,SUPERSOFT,16.0,2.0,,,11.0,False,1
SIR,35,Williams,38.0,0 days 00:01:49.586000,109.586,0 days 00:00:31.882000,0 days 00:00:48.078000,0 days 00:00:29.626000,SUPERSOFT,14.0,2.0,,,12.0,False,1
STR,18,Williams,38.0,0 days 00:01:49.309000,109.309,0 days 00:00:31.464000,0 days 00:00:48.416000,0 days 00:00:29.429000,SUPERSOFT,15.0,2.0,,,13.0,True,1
HAR,28,Toro Rosso,38.0,0 days 00:01:49.031000,109.031,0 days 00:00:31.942000,0 days 00:00:47.520000,0 days 00:00:29.569000,SUPERSOFT,7.0,2.0,,,14.0,False,1
VAN,2,McLaren,38.0,0 days 00:01:48.956000,108.956,0 days 00:00:31.836000,0 days 00:00:47.664000,0 days 00:00:29.456000,SUPERSOFT,10.0,3.0,,,15.0,True,1
VET,5,Ferrari,39.0,0 days 00:01:46.734000,106.734,0 days 00:00:31.219000,0 days 00:00:46.603000,0 days 00:00:28.912000,SOFT,17.0,2.0,,,1.0,False,1
HAM,44,Mercedes,39.0,0 days 00:01:47.080000,107.08,0 days 00:00:30.869000,0 days 00:00:46.949000,0 days 00:00:29.262000,SOFT,18.0,2.0,,,2.0,False,1
VER,33,Red Bull Racing,39.0,0 days 00:01:47.281000,107.281,0 days 00:00:31.280000,0 days 00:00:47.035000,0 days 00:00:28.966000,SOFT,13.0,2.0,,,3.0,False,1
PER,11,Racing Point,39.0,0 days 00:01:48.134000,108.134,0 days 00:00:31.348000,0 days 00:00:47.688000,0 days 00:00:29.098000,SOFT,14.0,2.0,,,4.0,False,1
BOT,77,Mercedes,39.0,0 days 00:01:47.895000,107.895,0 days 00:00:30.732000,0 days 00:00:48.038000,0 days 00:00:29.125000,SOFT,15.0,3.0,,,5.0,False,1
OCO,31,Racing Point,39.0,0 days 00:01:48.861000,108.861,0 days 00:00:31.583000,0 days 00:00:48.123000,0 days 00:00:29.155000,SOFT,15.0,2.0,,,6.0,False,1
GRO,8,Haas F1 Team,39.0,0 days 00:01:48.661000,108.661,0 days 00:00:31.797000,0 days 00:00:47.233000,0 days 00:00:29.631000,SUPERSOFT,19.0,2.0,,,7.0,False,1
MAG,20,Haas F1 Team,39.0,0 days 00:01:48.114000,108.114,0 days 00:00:31.632000,0 days 00:00:47.087000,0 days 00:00:29.395000,SUPERSOFT,16.0,2.0,,,8.0,False,1
GAS,10,Toro Rosso,39.0,0 days 00:01:49.402000,109.402,0 days 00:00:31.912000,0 days 00:00:48.015000,0 days 00:00:29.475000,SOFT,14.0,2.0,,,9.0,False,1
ERI,9,Sauber,39.0,0 days 00:01:48.894000,108.894,0 days 00:00:32.073000,0 days 00:00:47.289000,0 days 00:00:29.532000,SUPERSOFT,13.0,2.0,,,10.0,False,1
SAI,55,Renault,39.0,0 days 00:01:49.614000,109.614,0 days 00:00:31.523000,0 days 00:00:48.621000,0 days 00:00:29.470000,SUPERSOFT,17.0,2.0,,,11.0,False,1
SIR,35,Williams,39.0,0 days 00:01:49.462000,109.462,0 days 00:00:31.818000,0 days 00:00:48.057000,0 days 00:00:29.587000,SUPERSOFT,15.0,2.0,,,12.0,False,1
STR,18,Williams,39.0,0 days 00:01:49.287000,109.287,0 days 00:00:31.526000,0 days 00:00:48.407000,0 days 00:00:29.354000,SUPERSOFT,16.0,2.0,,,13.0,True,1
HAR,28,Toro Rosso,39.0,0 days 00:01:49.549000,109.549,0 days 00:00:32.064000,0 days 00:00:47.904000,0 days 00:00:29.581000,SUPERSOFT,8.0,2.0,,,14.0,False,1
VAN,2,McLaren,39.0,0 days 00:01:49.391000,109.391,0 days 00:00:31.960000,0 days 00:00:47.810000,0 days 00:00:29.621000,SUPERSOFT,11.0,3.0,,,15.0,False,1
VET,5,Ferrari,40.0,0 days 00:01:47.218000,107.218,0 days 00:00:31.231000,0 days 00:00:47.030000,0 days 00:00:28.957000,SOFT,18.0,2.0,,,1.0,False,1
HAM,44,Mercedes,40.0,0 days 00:01:47.974000,107.974,0 days 00:00:31.670000,0 days 00:00:47.180000,0 days 00:00:29.124000,SOFT,19.0,2.0,,,2.0,False,1
VER,33,Red Bull Racing,40.0,0 days 00:01:47.780000,107.78,0 days 00:00:31.365000,0 days 00:00:47.376000,0 days 00:00:29.039000,SOFT,14.0,2.0,,,3.0,False,1
BOT,77,Mercedes,40.0,0 days 00:01:46.732000,106.732,0 days 00:00:30.712000,0 days 00:00:47.110000,0 days 00:00:28.910000,SOFT,16.0,3.0,,,4.0,False,1
PER,11,Racing Point,40.0,0 days 00:01:50.345000,110.345,0 days 00:00:31.527000,0 days 00:00:49.424000,0 days 00:00:29.394000,SOFT,15.0,2.0,,,5.0,False,1
OCO,31,Racing Point,40.0,0 days 00:01:48.564000,108.564,0 days 00:00:31.574000,0 days 00:00:47.854000,0 days 00:00:29.136000,SOFT,16.0,2.0,,,6.0,False,1
GRO,8,Haas F1 Team,40.0,0 days 00:01:48.639000,108.639,0 days 00:00:31.922000,0 days 00:00:47.323000,0 days 00:00:29.394000,SUPERSOFT,20.0,2.0,,,7.0,False,1
MAG,20,Haas F1 Team,40.0,0 days 00:01:48.139000,108.139,0 days 00:00:31.725000,0 days 00:00:47.064000,0 days 00:00:29.350000,SUPERSOFT,17.0,2.0,,,8.0,False,1
GAS,10,Toro Rosso,40.0,0 days 00:01:49.397000,109.397,0 days 00:00:32.043000,0 days 00:00:47.686000,0 days 00:00:29.668000,SOFT,15.0,2.0,,,9.0,False,1
ERI,9,Sauber,40.0,0 days 00:01:50.817000,110.817,0 days 00:00:32.902000,0 days 00:00:48.403000,0 days 00:00:29.512000,SUPERSOFT,14.0,2.0,,,10.0,False,1
SAI,55,Renault,40.0,0 days 00:01:49.467000,109.467,0 days 00:00:31.769000,0 days 00:00:48.354000,0 days 00:00:29.344000,SUPERSOFT,18.0,2.0,,,11.0,False,1
SIR,35,Williams,40.0,0 days 00:01:49.792000,109.792,0 days 00:00:31.914000,0 days 00:00:48.241000,0 days 00:00:29.637000,SUPERSOFT,16.0,2.0,,,12.0,False,1
STR,18,Williams,40.0,0 days 00:01:49.434000,109.434,0 days 00:00:31.537000,0 days 00:00:48.549000,0 days 00:00:29.348000,SUPERSOFT,17.0,2.0,,,13.0,False,1
HAR,28,Toro Rosso,40.0,0 days 00:01:50.969000,110.969,0 days 00:00:32.305000,0 days 00:00:49.218000,0 days 00:00:29.446000,SUPERSOFT,9.0,2.0,,,14.0,False,1
VAN,2,McLaren,40.0,0 days 00:01:49.772000,109.772,0 days 00:00:32.077000,0 days 00:00:48.020000,0 days 00:00:29.675000,SUPERSOFT,12.0,3.0,,,15.0,False,1
VET,5,Ferrari,41.0,0 days 00:01:47.092000,107.092,0 days 00:00:31.153000,0 days 00:00:46.732000,0 days 00:00:29.207000,SOFT,19.0,2.0,,,1.0,False,1
HAM,44,Mercedes,41.0,0 days 00:01:48.055000,108.055,0 days 00:00:31.544000,0 days 00:00:47.235000,0 days 00:00:29.276000,SOFT,20.0,2.0,,,2.0,False,1
VER,33,Red Bull Racing,41.0,0 days 00:01:47.396000,107.396,0 days 00:00:31.152000,0 days 00:00:47.097000,0 days 00:00:29.147000,SOFT,15.0,2.0,,,3.0,False,1
BOT,77,Mercedes,41.0,0 days 00:01:47.857000,107.857,0 days 00:00:31.472000,0 days 00:00:46.857000,0 days 00:00:29.528000,SOFT,17.0,3.0,,,4.0,False,1
PER,11,Racing Point,41.0,0 days 00:01:48.945000,108.945,0 days 00:00:31.452000,0 days 00:00:48.263000,0 days 00:00:29.230000,SOFT,16.0,2.0,,,5.0,False,1
OCO,31,Racing Point,41.0,0 days 00:01:48.592000,108.592,0 days 00:00:31.535000,0 days 00:00:47.861000,0 days 00:00:29.196000,SOFT,17.0,2.0,,,6.0,False,1
GRO,8,Haas F1 Team,41.0,0 days 00:01:48.502000,108.502,0 days 00:00:31.828000,0 days 00:00:47.199000,0 days 00:00:29.475000,SUPERSOFT,21.0,2.0,,,7.0,False,1
MAG,20,Haas F1 Team,41.0,0 days 00:01:47.940000,107.94,0 days 00:00:31.704000,0 days 00:00:46.838000,0 days 00:00:29.398000,SUPERSOFT,18.0,2.0,,,8.0,False,1
GAS,10,Toro Rosso,41.0,0 days 00:01:49.253000,109.253,0 days 00:00:32.024000,0 days 00:00:47.660000,0 days 00:00:29.569000,SOFT,16.0,2.0,,,9.0,False,1
ERI,9,Sauber,41.0,0 days 00:01:49.359000,109.359,0 days 00:00:31.973000,0 days 00:00:47.745000,0 days 00:00:29.641000,SUPERSOFT,15.0,2.0,,,10.0,False,1
SAI,55,Renault,41.0,0 days 00:01:49.422000,109.422,0 days 00:00:31.725000,0 days 00:00:48.402000,0 days 00:00:29.295000,SUPERSOFT,19.0,2.0,,,11.0,False,1
SIR,35,Williams,41.0,0 days 00:01:49.538000,109.538,0 days 00:00:32.009000,0 days 00:00:47.937000,0 days 00:00:29.592000,SUPERSOFT,17.0,2.0,,,12.0,False,1
STR,18,Williams,41.0,0 days 00:01:49.586000,109.586,0 days 00:00:31.473000,0 days 00:00:48.756000,0 days 00:00:29.357000,SUPERSOFT,18.0,2.0,,,13.0,False,1
HAR,28,Toro Rosso,41.0,0 days 00:01:49.604000,109.604,0 days 00:00:32.139000,0 days 00:00:47.894000,0 days 00:00:29.571000,SUPERSOFT,10.0,2.0,,,14.0,False,1
VAN,2,McLaren,41.0,0 days 00:01:49.569000,109.569,0 days 00:00:32.156000,0 days 00:00:47.785000,0 days 00:00:29.628000,SUPERSOFT,13.0,3.0,,,15.0,False,1
VET,5,Ferrari,42.0,0 days 00:01:47.599000,107.599,0 days 00:00:31.545000,0 days 00:00:47.006000,0 days 00:00:29.048000,SOFT,20.0,2.0,,,1.0,False,1
HAM,44,Mercedes,42.0,0 days 00:01:48.629000,108.629,0 days 00:00:31.780000,0 days 00:00:47.577000,0 days 00:00:29.272000,SOFT,21.0,2.0,,,2.0,False,1
VER,33,Red Bull Racing,42.0,0 days 00:01:47.826000,107.826,0 days 00:00:31.602000,0 days 00:00:47.134000,0 days 00:00:29.090000,SOFT,16.0,2.0,,,3.0,False,1
BOT,77,Mercedes,42.0,0 days 00:01:47.989000,107.989,0 days 00:00:31.795000,0 days 00:00:46.949000,0 days 00:00:29.245000,SOFT,18.0,3.0,,,4.0,False,1
PER,11,Racing Point,42.0,0 days 00:01:48.888000,108.888,0 days 00:00:31.855000,0 days 00:00:47.794000,0 days 00:00:29.239000,SOFT,17.0,2.0,,,5.0,False,1
OCO,31,Racing Point,42.0,0 days 00:01:48.842000,108.842,0 days 00:00:31.612000,0 days 00:00:47.938000,0 days 00:00:29.292000,SOFT,18.0,2.0,,,6.0,False,1
GRO,8,Haas F1 Team,42.0,0 days 00:01:48.802000,108.802,0 days 00:00:31.929000,0 days 00:00:47.270000,0 days 00:00:29.603000,SUPERSOFT,22.0,2.0,,,7.0,False,1
MAG,20,Haas F1 Team,42.0,0 days 00:01:48.308000,108.308,0 days 00:00:31.803000,0 days 00:00:47.068000,0 days 00:00:29.437000,SUPERSOFT,19.0,2.0,,,8.0,False,1
GAS,10,Toro Rosso,42.0,0 days 00:01:49.293000,109.293,0 days 00:00:31.955000,0 days 00:00:47.701000,0 days 00:00:29.637000,SOFT,17.0,2.0,,,9.0,False,1
ERI,9,Sauber,42.0,0 days 00:01:49.330000,109.33,0 days 00:00:32.290000,0 days 00:00:47.475000,0 days 00:00:29.565000,SUPERSOFT,16.0,2.0,,,10.0,False,1
SAI,55,Renault,42.0,0 days 00:01:49.356000,109.356,0 days 00:00:31.803000,0 days 00:00:48.151000,0 days 00:00:29.402000,SUPERSOFT,20.0,2.0,,,11.0,False,1
SIR,35,Williams,42.0,0 days 00:01:49.113000,109.113,0 days 00:00:31.809000,0 days 00:00:47.639000,0 days 00:00:29.665000,SUPERSOFT,18.0,2.0,,,12.0,True,1
STR,18,Williams,42.0,0 days 00:01:49.661000,109.661,0 days 00:00:31.851000,0 days 00:00:48.339000,0 days 00:00:29.471000,SUPERSOFT,19.0,2.0,,,13.0,False,1
HAR,28,Toro Rosso,42.0,0 days 00:01:49.219000,109.219,0 days 00:00:32.054000,0 days 00:00:47.680000,0 days 00:00:29.485000,SUPERSOFT,11.0,2.0,,,14.0,False,1
VAN,2,McLaren,42.0,0 days 00:01:49.320000,109.32,0 days 00:00:31.972000,0 days 00:00:47.675000,0 days 00:00:29.673000,SUPERSOFT,14.0,3.0,,,15.0,False,1
VET,5,Ferrari,43.0,0 days 00:01:47.615000,107.615,0 days 00:00:31.451000,0 days 00:00:47.043000,0 days 00:00:29.121000,SOFT,21.0,2.0,,,1.0,False,1
HAM,44,Mercedes,43.0,0 days 00:01:48.860000,108.86,0 days 00:00:31.657000,0 days 00:00:47.786000,0 days 00:00:29.417000,SOFT,22.0,2.0,,,2.0,False,1
VER,33,Red Bull Racing,43.0,0 days 00:01:47.640000,107.64,0 days 00:00:31.537000,0 days 00:00:47.113000,0 days 00:00:28.990000,SOFT,17.0,2.0,,,3.0,False,1
BOT,77,Mercedes,43.0,0 days 00:01:47.602000,107.602,0 days 00:00:31.761000,0 days 00:00:46.657000,0 days 00:00:29.184000,SOFT,19.0,3.0,,,4.0,False,1
PER,11,Racing Point,43.0,0 days 00:01:48.656000,108.656,0 days 00:00:31.500000,0 days 00:00:47.856000,0 days 00:00:29.300000,SOFT,18.0,2.0,,,5.0,False,1
OCO,31,Racing Point,43.0,0 days 00:01:48.582000,108.582,0 days 00:00:31.518000,0 days 00:00:47.810000,0 days 00:00:29.254000,SOFT,19.0,2.0,,,6.0,False,1
GRO,8,Haas F1 Team,43.0,0 days 00:01:48.902000,108.902,0 days 00:00:31.846000,0 days 00:00:47.403000,0 days 00:00:29.653000,SUPERSOFT,23.0,2.0,,,7.0,False,1
MAG,20,Haas F1 Team,43.0,0 days 00:01:48.041000,108.041,0 days 00:00:31.663000,0 days 00:00:46.914000,0 days 00:00:29.464000,SUPERSOFT,20.0,2.0,,,8.0,False,1
GAS,10,Toro Rosso,43.0,0 days 00:01:49.363000,109.363,0 days 00:00:31.892000,0 days 00:00:47.736000,0 days 00:00:29.735000,SOFT,18.0,2.0,,,9.0,False,1
ERI,9,Sauber,43.0,0 days 00:01:48.986000,108.986,0 days 00:00:32.088000,0 days 00:00:47.298000,0 days 00:00:29.600000,SUPERSOFT,17.0,2.0,,,10.0,False,1
SAI,55,Renault,43.0,0 days 00:01:49.384000,109.384,0 days 00:00:31.660000,0 days 00:00:48.262000,0 days 00:00:29.462000,SUPERSOFT,21.0,2.0,,,11.0,False,12
SIR,35,Williams,43.0,0 days 00:01:49.604000,109.604,0 days 00:00:31.732000,0 days 00:00:48.221000,0 days 00:00:29.651000,SUPERSOFT,19.0,2.0,,,12.0,False,12
STR,18,Williams,43.0,0 days 00:01:50.068000,110.068,0 days 00:00:31.761000,0 days 00:00:48.614000,0 days 00:00:29.693000,SUPERSOFT,20.0,2.0,,,13.0,False,12
HAR,28,Toro Rosso,43.0,0 days 00:01:49.123000,109.123,0 days 00:00:32.018000,0 days 00:00:47.679000,0 days 00:00:29.426000,SUPERSOFT,12.0,2.0,,,14.0,False,12
VAN,2,McLaren,43.0,0 days 00:01:49.179000,109.179,0 days 00:00:31.967000,0 days 00:00:47.602000,0 days 00:00:29.610000,SUPERSOFT,15.0,3.0,,,15.0,False,12
VET,5,Ferrari,44.0,0 days 00:01:49.749000,109.749,0 days 00:00:31.392000,0 days 00:00:47.752000,0 days 00:00:30.605000,SOFT,22.0,2.0,,,1.0,False,1
HAM,44,Mercedes,44.0,0 days 00:01:49.806000,109.806,0 days 00:00:31.871000,0 days 00:00:48.045000,0 days 00:00:29.890000,SOFT,23.0,2.0,,,2.0,False,12
VER,33,Red Bull Racing,44.0,0 days 00:01:48.380000,108.38,0 days 00:00:31.348000,0 days 00:00:47.169000,0 days 00:00:29.863000,SOFT,18.0,2.0,,,3.0,False,12
BOT,77,Mercedes,44.0,0 days 00:01:46.981000,106.981,0 days 00:00:31.678000,0 days 00:00:46.173000,0 days 00:00:29.130000,SOFT,20.0,3.0,,,4.0,False,12
PER,11,Racing Point,44.0,0 days 00:01:48.562000,108.562,0 days 00:00:31.486000,0 days 00:00:47.716000,0 days 00:00:29.360000,SOFT,19.0,2.0,,,5.0,False,12
OCO,31,Racing Point,44.0,0 days 00:01:48.447000,108.447,0 days 00:00:31.531000,0 days 00:00:47.671000,0 days 00:00:29.245000,SOFT,20.0,2.0,,,6.0,False,12
GRO,8,Haas F1 Team,44.0,0 days 00:01:49.338000,109.338,0 days 00:00:31.900000,0 days 00:00:47.653000,0 days 00:00:29.785000,SUPERSOFT,24.0,2.0,,,7.0,False,12
MAG,20,Haas F1 Team,44.0,0 days 00:01:48.340000,108.34,0 days 00:00:31.624000,0 days 00:00:47.123000,0 days 00:00:29.593000,SUPERSOFT,21.0,2.0,,,8.0,False,12
GAS,10,Toro Rosso,44.0,0 days 00:01:49.693000,109.693,0 days 00:00:31.939000,0 days 00:00:47.904000,0 days 00:00:29.850000,SOFT,19.0,2.0,,,9.0,False,12
